date,open,high,low,close,volume,raw_close
2016-01-04,37.42,37.59,36.35,37.13,11717056,57.61
2016-01-05,37.38,37.55,36.62,36.98,7938731,57.37
2016-01-06,36.35,37.1,36.21,36.98,9304541,57.38
2016-01-07,36.43,37.28,36.31,36.88,10239975,57.21
2016-01-08,37.12,37.26,35.76,35.87,8563187,55.65
2016-01-11,36,36.08,34.05,34.73,11080413,53.88
2016-01-12,35.04,35.43,34.53,35.35,7217663,54.84
2016-01-13,35.58,35.58,33.2,33.33,11032371,51.18
2016-01-14,33.43,37.01,33.03,35.54,17491440,54.56
2016-01-15,34.53,37.39,34.53,37.35,29256679,57.34
2016-01-19,37.47,37.6,35.32,35.82,15130580,54.99
2016-01-20,35.31,37.73,34.98,37.22,12605194,57.15
2016-01-21,37.31,38.28,37.07,38.01,12671676,58.36
2016-01-22,38.49,38.71,37.66,38.32,11059212,58.83
2016-01-25,38.45,38.96,37.89,38.2,10232653,58.65
2016-01-26,38.43,38.6,37.26,37.95,7923988,58.26
2016-01-27,38.01,38.38,36.77,37.2,9692388,57.11
2016-01-28,37.28,37.6,35.68,36.38,11208476,55.85
2016-01-29,34.79,36.02,34.79,35.76,20485807,54.9
2016-02-01,35.28,35.74,34.2,35.43,12304760,54.39
2016-02-02,34.94,35.68,34.73,35.14,8543818,53.95
2016-02-03,35.52,37.24,35.2,37.02,16988310,56.84
2016-02-04,36.96,37.33,36.05,36.97,10820775,56.76
2016-02-05,36.64,36.7,34.27,34.6,14059118,53.12
2016-02-08,34.25,35.24,33.83,34.45,9974912,52.89
2016-02-09,34.07,35.13,33.91,34.83,8444201,53.48
2016-02-10,35.24,35.62,34.23,34.34,9691644,52.72
2016-02-11,34.06,34.6,33.75,33.99,9939714,52.18
2016-02-12,34.48,34.5,33.61,34.25,10610871,52.58
2016-02-16,34.81,35.09,34.34,34.85,9646037,53.51
2016-02-17,35.39,35.92,34.75,35.83,11572317,55.01
2016-02-18,36.17,36.17,35.28,35.53,7054881,54.55
2016-02-19,35.5,35.82,35.16,35.36,10070820,54.29
2016-02-22,35.61,36.03,35,36.01,9724598,55.28
2016-02-23,36.28,36.68,35.82,35.87,9484359,55.07
2016-02-24,35.6,35.87,35.18,35.75,7057758,54.89
2016-02-25,35.93,36.62,35.45,36.6,7500132,56.2
2016-02-26,36.64,36.99,36.34,36.47,5615474,56
2016-02-29,36.39,36.47,35.48,35.57,10250804,54.61
2016-03-01,35.68,36.7,35.33,36.7,7478785,56.34
2016-03-02,36.59,36.75,36.08,36.28,7382701,55.7
2016-03-03,36.27,36.53,35.92,36.43,10303895,55.93
2016-03-04,36.47,36.93,36.02,36.57,7026157,56.15
2016-03-07,36.28,36.8,35.71,36.73,8318473,56.4
2016-03-08,36.59,36.78,35.97,36.03,5877337,55.32
2016-03-09,36.16,36.9,35.85,36.73,9712641,56.39
2016-03-10,36.84,37.37,36.03,36.62,5898193,56.23
2016-03-11,36.73,37.69,36.7,37.6,6956591,57.73
2016-03-14,37.56,37.6,37.11,37.26,4967809,57.21
2016-03-15,36.9,37.08,35.91,36.23,6171689,55.62
2016-03-16,36.2,36.83,35.99,36.68,6582284,56.31
2016-03-17,36.77,36.77,35.44,36.03,9169191,55.32
2016-03-18,36.21,36.87,35.69,36.85,15120302,56.57
2016-03-21,36.81,36.98,36.3,36.48,6907024,56.01
2016-03-22,36.31,37.48,36.31,37.45,8226304,57.5
2016-03-23,37.23,37.45,36.62,36.71,5532252,56.36
2016-03-24,36.57,36.64,36.26,36.55,5845542,56.12
2016-03-28,36.7,36.93,36.34,36.55,4235518,56.11
2016-03-29,36.54,37.19,35.96,37.16,5003595,57.05
2016-03-30,37.35,37.47,36.94,37.13,3970386,57
2016-03-31,37.14,37.43,37.01,37.2,5558979,57.12
2016-04-01,36.85,37.5,36.71,37.4,5393927,57.42
2016-04-04,37.54,38.69,37.44,38.57,8525928,59.21
2016-04-05,38.13,38.79,37.83,38.13,7233733,58.54
2016-04-06,38.12,39.01,38.12,39.01,6676619,59.89
2016-04-07,38.7,39.01,38.27,38.62,8073353,59.3
2016-04-08,38.75,38.95,37.89,38.08,6075081,58.47
2016-04-11,38.16,38.59,37.94,38.1,5183310,58.5
2016-04-12,38.42,39.11,38.23,39.01,7633292,59.89
2016-04-13,39.37,39.46,38.6,38.84,7515257,59.06
2016-04-14,38.9,39.12,38.8,38.98,6317521,59.28
2016-04-15,39.16,39.28,38.65,39.13,5725363,59.51
2016-04-18,39.13,39.67,38.99,39.38,7043826,59.88
2016-04-19,39.57,40.26,39.24,39.57,6479517,60.17
2016-04-20,39.57,40.19,39.43,39.77,4863167,60.48
2016-04-21,39.85,40.4,39.81,40.36,6124730,61.37
2016-04-22,40.31,40.76,40.09,40.39,5655021,61.42
2016-04-25,40.2,40.31,39.95,40.09,5158076,60.97
2016-04-26,40.11,40.3,39.8,40.07,4761256,60.93
2016-04-27,40.11,40.43,39.62,39.92,7106083,60.7
2016-04-28,38.51,40.84,37.83,40.24,16651808,61.2
2016-04-29,40.13,40.41,39.77,40.11,14764702,61
2016-05-02,39.97,40.77,39.92,40.4,9765925,61.44
2016-05-03,40.11,40.83,39.93,40.62,9743644,61.77
2016-05-04,40.31,40.54,40.12,40.42,9194610,61.46
2016-05-05,40.38,41.03,40.17,40.99,9288424,62.34
2016-05-06,40.77,41.26,40.54,41.11,11249015,62.51
2016-05-09,41.01,42,40.95,41.89,10414555,63.7
2016-05-10,41.76,41.93,41.64,41.91,12642206,63.74
2016-05-11,41.93,41.97,41.19,41.23,9838485,62.7
2016-05-12,41.34,41.47,41.03,41.09,9928742,62.49
2016-05-13,40.83,41.34,40.65,40.77,7673640,62
2016-05-16,40.71,41.18,40.44,41.07,7044584,62.45
2016-05-17,41.06,41.29,38.47,39.62,32328488,60.25
2016-05-18,39.32,39.98,39.17,39.76,11137829,60.46
2016-05-19,39.52,39.69,38.73,38.98,10391805,59.28
2016-05-20,39.21,39.49,38.82,39.25,12273756,59.69
2016-05-23,39.29,39.35,38.88,38.99,6924290,59.3
2016-05-24,39.28,40.05,39.14,39.92,9722543,60.7
2016-05-25,40.13,40.42,39.97,40.26,6302639,61.22
2016-05-26,40.11,40.88,40.05,40.7,6842046,61.9
2016-05-27,40.76,41.56,40.7,41.24,6202383,62.71
2016-05-31,41.24,41.75,41.19,41.38,8257279,62.93
2016-06-01,41.36,41.54,41.18,41.32,6143228,62.83
2016-06-02,41.34,42.84,41.32,42.8,13482958,65.09
2016-06-03,42.52,42.99,41.92,42.74,12338119,65
2016-06-06,40.86,41.42,40.68,41.31,17945635,62.82
2016-06-07,41.16,41.82,40.97,41.49,12299248,63.1
2016-06-08,40.91,40.97,40.36,40.59,14150298,61.73
2016-06-09,40.44,40.88,39.79,39.95,12816820,60.75
2016-06-10,39.45,40.12,39.27,40.11,12772964,61
2016-06-13,39.76,40.37,39.36,39.41,12475210,59.93
2016-06-14,39.1,39.71,38.9,39.39,11913561,59.9
2016-06-15,39.65,40.29,39.46,39.72,8158941,60.4
2016-06-16,39.41,40.07,39.4,40.05,7335321,60.9
2016-06-17,40.03,40.09,39.17,39.46,15644443,60.01
2016-06-20,39.88,40.23,39.49,39.53,7745659,60.11
2016-06-21,39.59,39.72,39.29,39.44,6783295,59.98
2016-06-22,39.46,40.23,39.4,39.71,7174094,60.39
2016-06-23,40.02,40.32,39.86,40.32,5636276,61.31
2016-06-24,38.97,39.85,38.92,39.36,10981082,59.86
2016-06-27,39.05,39.24,38.36,38.59,8702697,58.68
2016-06-28,38.98,39.54,38.9,39.45,10569054,59.99
2016-06-29,39.84,40.79,39.61,40.65,9941801,61.81
2016-06-30,40.63,40.78,40.2,40.71,9011378,61.91
2016-07-01,40.76,41.57,40.66,41.24,7090344,62.71
2016-07-05,41.18,41.24,40.62,40.72,7178297,61.92
2016-07-06,40.67,41.93,40.64,41.67,9872979,63.37
2016-07-07,41.82,41.92,41.57,41.71,8230531,63.43
2016-07-08,41.74,42.4,41.26,42.19,8550405,64.16
2016-07-11,42.25,42.73,42.13,42.32,12228088,64.35
2016-07-12,42.53,43.28,42.3,43.07,12719526,65.5
2016-07-13,42.99,43.14,42.62,42.97,8209750,64.77
2016-07-14,42.26,42.55,41.75,42.2,12800594,63.62
2016-07-15,42.34,42.57,41.88,42,9974121,63.32
2016-07-18,41.94,42.3,41.91,42.16,7190171,63.56
2016-07-19,42.09,42.44,41.85,42,6536397,63.32
2016-07-20,42.17,42.39,42.01,42.06,7793497,63.41
2016-07-21,41.94,42.45,41.9,42.38,7049390,63.89
2016-07-22,42.45,42.51,42.17,42.33,5364777,63.81
2016-07-25,42.4,42.79,42.26,42.67,7850036,64.32
2016-07-26,42.73,42.94,42.43,42.75,5838042,64.45
2016-07-27,42.73,43.19,42.67,43.05,6614860,64.9
2016-07-28,42.98,43.16,42.41,42.93,6920931,64.72
2016-07-29,43.3,44.05,43.22,43.93,12481971,66.23
2016-08-01,43.93,44.5,43.93,44.41,8267983,66.94
2016-08-02,44.4,44.48,43.82,44.3,9088970,66.78
2016-08-03,44.32,44.45,43.93,44.16,8166651,66.57
2016-08-04,44.18,44.43,43.83,43.85,5175443,66.1
2016-08-05,43.88,44.18,43.86,44.14,5459752,66.54
2016-08-08,44.03,44.23,43.62,44.01,6164331,66.34
2016-08-09,44.01,44.61,43.95,44.29,6098714,66.76
2016-08-10,44.25,44.42,43.91,44.07,4776045,66.43
2016-08-11,44.35,44.52,44.25,44.41,4748038,66.95
2016-08-12,44.35,44.7,44.15,44.57,5494855,67.19
2016-08-15,44.76,45.19,44.66,44.7,5557952,67.39
2016-08-16,44.53,44.85,44.11,44.27,7873768,66.74
2016-08-17,44.24,44.68,44.01,44.33,8297258,66.83
2016-08-18,44.16,44.73,44.15,44.29,8614754,66.77
2016-08-19,44.16,44.56,44.12,44.51,8459805,67.1
2016-08-22,44.65,44.97,44.39,44.45,8266809,67.01
2016-08-23,44.62,44.77,43.78,43.89,10700341,66.17
2016-08-24,43.99,44.13,43.01,43.16,8949682,65.06
2016-08-25,43.14,43.4,42.63,42.93,6701943,64.72
2016-08-26,42.91,43.13,42.59,42.86,7330978,64.61
2016-08-29,43.01,43.18,42.58,42.79,5398735,64.51
2016-08-30,42.81,42.93,42.52,42.56,5886248,64.16
2016-08-31,42.59,42.75,42.12,42.52,7512090,64.1
2016-09-01,42.52,42.55,42.19,42.47,5652490,64.03
2016-09-02,42.61,42.77,42.37,42.53,4521548,64.12
2016-09-06,42.92,43.05,42.49,42.86,7781563,64.61
2016-09-07,42.7,43.21,42.65,43.1,6217538,64.97
2016-09-08,42.32,42.55,42.08,42.49,8820896,64.06
2016-09-09,41.94,42.45,41.83,42.03,9923311,63.36
2016-09-12,41.78,42.61,41.57,42.51,7197178,64.08
2016-09-13,42.22,42.55,41.8,42.02,8286396,63.34
2016-09-14,42.06,42.43,41.83,42.02,6479526,63.34
2016-09-15,41.9,42.34,41.74,42.02,8412233,63.35
2016-09-16,42.14,42.32,41.9,41.97,14888224,63.27
2016-09-19,42.2,42.26,41.68,41.73,9031418,62.91
2016-09-20,42.03,42.16,41.63,41.98,5065515,63.28
2016-09-21,42.12,42.62,41.92,42.52,8429466,64.1
2016-09-22,42.52,43.25,42.51,43.17,5781060,65.08
2016-09-23,43.15,43.34,42.95,43.11,5652455,64.98
2016-09-26,42.8,43.04,42.47,42.5,6226754,64.07
2016-09-27,42.45,42.95,42.25,42.83,4836200,64.57
2016-09-28,43.08,43.08,42.38,42.6,6357059,64.22
2016-09-29,42.65,42.66,41.66,41.67,7007937,62.82
2016-09-30,41.57,41.96,41.43,41.84,8581479,63.07
2016-10-03,41.8,41.98,41.29,41.94,4689745,63.23
2016-10-04,42,42.14,41.49,41.79,5476182,63
2016-10-05,41.79,42.29,41.79,42.05,4821472,63.39
2016-10-06,41.9,41.93,41.5,41.68,5031610,62.83
2016-10-07,41.86,42.18,41.46,41.75,4299290,62.93
2016-10-10,41.84,42.23,41.74,42,3377808,63.31
2016-10-11,41.84,41.96,41.16,41.39,5668734,62.39
2016-10-12,41.51,41.66,40.85,40.98,4891614,61.21
2016-10-13,40.8,41.25,40.62,40.94,6452591,61.15
2016-10-14,41.14,41.18,40.27,40.28,6184546,60.17
2016-10-17,40.22,40.64,40.07,40.26,6729117,60.14
2016-10-18,40.58,41.25,40.44,41.21,7093302,61.55
2016-10-19,41.53,41.61,40.95,41.13,6292296,61.43
2016-10-20,41.14,41.49,41.06,41.35,4719047,61.76
2016-10-21,41.09,41.13,40.6,40.82,5242699,60.98
2016-10-24,40.93,41.29,40.85,40.92,4384003,61.12
2016-10-25,40.88,41.28,40.8,41.21,6858639,61.55
2016-10-26,41.18,41.31,40.64,40.85,4907099,61.02
2016-10-27,41.14,41.32,40.57,41.15,7116650,61.46
2016-10-28,38.53,39.09,36.86,38.56,25939953,57.6
2016-10-31,38.2,38.36,37.3,37.34,15593451,55.78
2016-11-01,37.49,37.9,37.28,37.79,10366752,56.45
2016-11-02,37.8,38.29,37.76,38.02,10338762,56.79
2016-11-03,38.24,38.35,37.39,37.42,10386164,55.89
2016-11-04,37.54,38.07,37.4,37.52,11930613,56.04
2016-11-07,38.03,40.95,37.92,39.44,18689887,58.91
2016-11-08,39.37,39.9,38.85,39.37,9883693,58.81
2016-11-09,42.91,43.31,40.44,41.94,20337405,62.64
2016-11-10,42.22,43.55,42.04,42.85,16790663,64
2016-11-11,42.54,42.75,42.04,42.24,11283065,63.1
2016-11-14,42.44,42.61,41.68,42.16,9401512,62.97
2016-11-15,42.44,42.44,41.49,42.09,6429296,62.87
2016-11-16,41.96,42.16,41.12,41.2,7179834,61.54
2016-11-17,41.34,41.5,40.93,41.31,5320616,61.7
2016-11-18,41.24,41.6,40.43,40.52,7871078,60.52
2016-11-21,40.64,40.7,40.3,40.45,7343565,60.42
2016-11-22,40.5,40.54,39.24,39.45,9248098,58.93
2016-11-23,39.37,40.42,39.23,40.29,6199733,60.18
2016-11-25,40.2,40.62,39.95,40.51,3293804,60.51
2016-11-28,39.59,40.13,39.51,39.81,7239029,59.46
2016-11-29,39.97,41.57,39.85,41.23,12810703,61.59
2016-11-30,41.26,41.4,40.59,40.7,10569672,60.8
2016-12-01,40.72,40.72,39.33,39.61,9059808,59.16
2016-12-02,39.62,40.17,39.47,39.79,8576572,59.43
2016-12-05,39.9,40.99,39.88,40.74,11056035,60.86
2016-12-06,40.68,41.32,40.39,41.25,8207391,61.62
2016-12-07,40.34,40.6,39.37,40.16,14441153,59.99
2016-12-08,40.18,40.82,39.56,40.77,9858016,60.9
2016-12-09,40.94,41.46,40.78,41.2,7613188,61.54
2016-12-12,41.19,41.81,41.18,41.53,7023443,62.04
2016-12-13,41.73,41.8,41.08,41.5,9527466,61.99
2016-12-14,41.21,41.71,41.18,41.29,5740156,61.67
2016-12-15,41.39,41.58,41.21,41.52,6936475,62.02
2016-12-16,41.59,41.84,41.39,41.65,13575123,62.22
2016-12-19,41.76,42.4,41.59,41.65,6439680,62.22
2016-12-20,41.74,41.98,41.34,41.61,6378571,62.16
2016-12-21,41.66,41.78,41.13,41.14,5981063,61.45
2016-12-22,41.23,41.45,41.07,41.28,5990671,61.66
2016-12-23,41.36,41.77,41.15,41.74,5150122,62.34
2016-12-27,41.86,42.19,41.78,41.84,5776709,62.5
2016-12-28,41.9,42.01,41.67,41.69,5537454,62.27
2016-12-29,41.78,42.22,41.77,42,5303022,62.73
2016-12-30,42,42.13,41.78,41.92,7031976,62.62
2017-01-03,42.12,42.2,41.46,41.78,10156053,62.41
2017-01-04,41.94,42.71,41.94,42.37,9479123,63.29
2017-01-05,42.43,42.81,42.2,42.69,5789211,63.77
2017-01-06,42.77,42.85,42.53,42.71,5475487,63.79
2017-01-09,42.71,43.1,42.68,42.99,10358641,64.21
2017-01-10,42.88,43.18,42.69,42.89,7607460,64.07
2017-01-11,42.86,43.04,40.97,41.34,14765831,61.14
2017-01-12,41.09,41.54,40.86,41.44,8607106,61.28
2017-01-13,41.49,42.2,41.28,41.92,8362865,61.99
2017-01-17,41.51,41.95,41.32,41.83,9366893,61.86
2017-01-18,41.76,42.02,41.46,41.7,6046828,61.66
2017-01-19,41.55,41.85,41.33,41.51,5711776,61.38
2017-01-20,41.53,41.77,41.3,41.35,8216622,61.15
2017-01-23,41.26,41.43,41.03,41.22,5597176,60.96
2017-01-24,41.19,41.2,40.35,40.97,7102436,60.58
2017-01-25,40.98,41.68,40.8,41.51,8689864,61.38
2017-01-26,41.36,41.86,41.3,41.43,8290079,61.27
2017-01-27,40.57,41.42,40.25,40.57,14874155,60
2017-01-30,40.51,40.89,40.08,40.86,8303829,60.43
2017-01-31,40.58,41.46,40.4,41.32,9853789,61.11
2017-02-01,41.3,41.32,40.76,41.18,6383482,60.89
2017-02-02,41.01,41.33,40.9,41.18,5971025,60.89
2017-02-03,41.18,41.29,40.87,41.03,7133041,60.67
2017-02-06,40.92,41.23,40.81,41.01,5936444,60.65
2017-02-07,41.01,41.16,40.84,40.95,4654323,60.56
2017-02-08,40.67,41.26,40.61,40.93,5796578,60.52
2017-02-09,41.07,41.25,40.86,41.14,4805405,60.84
2017-02-10,41.2,41.25,40.76,40.86,6119711,60.42
2017-02-13,40.97,41.15,40.87,40.92,7702152,60.51
2017-02-14,40.87,41.24,40.68,41.13,14656217,60.82
2017-02-15,41.2,41.82,40.84,41.69,9912435,61.65
2017-02-16,41.79,41.87,41.12,41.57,6049158,61.48
2017-02-17,41.62,41.98,41.36,41.77,9711044,61.77
2017-02-21,41.82,42,41.59,41.81,9189367,61.83
2017-02-22,41.74,41.89,41.45,41.49,7172759,61.36
2017-02-23,41.71,42.09,41.55,41.89,8588068,61.94
2017-02-24,41.87,42.08,41.58,41.99,7112993,62.09
2017-02-27,41.94,42.18,41.71,42.08,6032507,62.22
2017-02-28,41.99,42.2,41.72,41.82,7751692,61.84
2017-03-01,42.03,42.56,41.89,42.49,8531478,62.83
2017-03-02,42.45,43.01,42.33,42.77,9128858,63.25
2017-03-03,42.68,42.96,42.49,42.83,6644244,63.34
2017-03-06,42.6,43.18,42.52,42.97,7846508,63.55
2017-03-07,42.7,43.37,42.58,43.07,10276032,63.69
2017-03-08,43.11,43.74,42.94,43.37,7798624,64.14
2017-03-09,43.37,43.77,43.31,43.62,8108638,64.5
2017-03-10,44.16,44.94,44.03,44.55,14127980,65.88
2017-03-13,44.55,44.59,44.16,44.53,8707024,65.85
2017-03-14,44.53,44.66,44.36,44.41,4123392,65.67
2017-03-15,44.43,45.17,44.41,45,5740784,66.55
2017-03-16,44.9,44.94,44.33,44.56,5779359,65.9
2017-03-17,44.66,44.69,44.29,44.42,16584941,65.69
2017-03-20,44.48,44.64,44.33,44.5,4939188,65.8
2017-03-21,44.6,44.63,43.98,44.19,5688732,65.35
2017-03-22,44.21,44.45,44.02,44.31,6738546,65.52
2017-03-23,44.31,44.68,44.2,44.39,4471509,65.65
2017-03-24,44.3,44.71,44.17,44.37,4546657,65.62
2017-03-27,44.21,44.82,44.12,44.7,5454658,66.1
2017-03-28,44.6,44.77,44.39,44.62,5569818,65.98
2017-03-29,44.6,44.81,44.41,44.48,4065976,65.77
2017-03-30,44.47,44.51,44.12,44.27,4052524,65.46
2017-03-31,44.26,44.31,44.06,44.06,4870244,65.16
2017-04-03,44.09,44.35,43.87,43.98,6118905,65.03
2017-04-04,44.04,44.15,43.84,44.03,3891850,65.11
2017-04-05,44.11,44.47,43.86,43.93,4839519,64.96
2017-04-06,43.98,44.09,43.72,44.01,5360796,65.08
2017-04-07,44,44.58,43.84,44.32,6597616,65.54
2017-04-10,44.29,44.48,43.89,43.93,8269257,64.97
2017-04-11,44,44,43.24,43.83,5822059,64.18
2017-04-12,43.81,43.99,43.48,43.96,6783494,64.37
2017-04-13,43.87,44.2,43.77,43.8,4205242,64.13
2017-04-17,44.25,44.37,43.75,43.92,4605309,64.31
2017-04-18,43.73,43.76,43.11,43.47,5146406,63.65
2017-04-19,43.64,43.66,43.24,43.33,4433057,63.45
2017-04-20,43.52,43.71,43.22,43.56,6891187,63.78
2017-04-21,43.56,43.91,43.4,43.59,4531133,63.82
2017-04-24,43.98,44.5,43.89,44.16,8429963,64.66
2017-04-25,44.35,44.82,44.27,44.46,5889126,65.1
2017-04-26,44.52,45.02,44.41,44.42,5574038,65.04
2017-04-27,44.7,46.1,44.47,45.12,12402381,66.07
2017-04-28,45.12,45.29,44.69,45.03,6517020,65.94
2017-05-01,45.03,45.53,45.03,45.4,5068858,66.48
2017-05-02,45.42,45.54,45.2,45.51,4737258,66.63
2017-05-03,45.38,45.68,45.22,45.58,5595271,66.74
2017-05-04,45.63,46.03,45.5,45.92,4545141,67.23
2017-05-05,45.91,45.91,45.3,45.75,5119615,66.99
2017-05-08,45.69,45.72,45.17,45.22,5549526,66.21
2017-05-09,45.22,45.72,44.98,45.19,5139928,66.17
2017-05-10,45.18,45.23,44.64,45.06,5643301,65.98
2017-05-11,45.05,45.05,44.16,44.6,8343666,65.3
2017-05-12,44.58,45.2,44.54,45.12,6543537,66.06
2017-05-15,45.12,45.66,45.04,45.53,10118986,66.67
2017-05-16,45.57,45.7,45.3,45.66,6649933,66.85
2017-05-17,44.38,45.31,44.13,44.64,13859608,65.37
2017-05-18,44.64,45.14,44.53,44.82,6580970,65.63
2017-05-19,44.9,45.08,44.6,44.79,8600518,65.58
2017-05-22,44.77,44.81,44.26,44.69,6567452,65.44
2017-05-23,44.69,45.25,44.69,44.97,5119099,65.84
2017-05-24,44.88,45.16,44.78,45.03,3528543,65.93
2017-05-25,45.1,45.46,44.94,45.29,4570365,66.32
2017-05-26,45.14,45.36,44.97,45.12,4442570,66.06
2017-05-30,45,45.21,44.95,45.09,5479800,66.02
2017-05-31,45.24,45.36,44.81,45.09,8752243,66.02
2017-06-01,45.25,45.57,45.16,45.56,5031514,66.71
2017-06-02,45.63,45.97,45.5,45.93,6352937,67.25
2017-06-05,45.93,46.35,45.68,46.11,5259930,67.51
2017-06-06,46.09,46.51,46.01,46.35,5966486,67.87
2017-06-07,46.45,47.34,46.45,46.95,9460373,68.75
2017-06-08,46.9,47.16,46.67,46.96,6563887,68.76
2017-06-09,46.99,47.69,46.93,47.58,6702388,69.67
2017-06-12,47.62,47.74,47.05,47.49,6363720,69.53
2017-06-13,47.53,47.83,47.41,47.58,6218911,69.67
2017-06-14,47.49,48.35,47.38,48.16,7360959,70.52
2017-06-15,48.04,48.25,47.73,48.22,5637178,70.6
2017-06-16,48.35,48.57,48.14,48.52,10938129,71.05
2017-06-19,48.62,48.89,48.45,48.72,7412656,71.34
2017-06-20,48.79,49.04,48.6,48.64,6834443,71.22
2017-06-21,48.57,48.97,48.52,48.72,6574637,71.34
2017-06-22,48.82,50.31,48.77,49.98,11039752,73.18
2017-06-23,49.99,50.19,49.35,49.61,7989357,72.64
2017-06-26,49.69,49.82,49.45,49.68,4256493,72.74
2017-06-27,49.63,49.9,49.34,49.44,4842411,72.39
2017-06-28,49.66,50.22,49.57,49.8,4790852,72.92
2017-06-29,49.96,49.97,49.11,49.5,4872849,72.48
2017-06-30,49.56,49.73,49.32,49.52,5670827,72.51
2017-07-03,49.69,49.85,49.43,49.46,3170297,72.42
2017-07-05,49.5,49.68,49.17,49.5,5527707,72.48
2017-07-06,49.34,49.48,48.77,48.99,4731350,71.73
2017-07-07,49.25,49.25,48.92,49.19,5208816,72.03
2017-07-10,49.04,49.33,48.89,49.06,3584337,71.83
2017-07-11,49.1,49.29,48.72,49.06,3972490,71.84
2017-07-12,49.28,49.7,49.13,49.53,5286061,71.88
2017-07-13,49.55,50.23,49.39,50.05,5583630,72.63
2017-07-14,50.04,50.46,49.97,50.38,4736852,73.11
2017-07-17,50.37,50.63,50.09,50.1,3991984,72.7
2017-07-18,50.05,50.21,49.44,49.77,5684073,72.23
2017-07-19,49.95,50.15,49.63,50.15,4255008,72.77
2017-07-20,50.3,51.14,50.27,51,5845658,74.01
2017-07-21,50.98,51.71,50.89,51.43,5678373,74.63
2017-07-24,51.43,51.51,50.88,50.93,6401463,73.91
2017-07-25,51.27,51.37,49.94,49.97,6953814,72.52
2017-07-26,49.98,50.09,49.58,50.02,5259878,72.59
2017-07-27,50.15,50.17,48.84,49.43,7957614,71.73
2017-07-28,49.37,49.92,47.81,48.54,8704906,70.44
2017-07-31,48.6,48.64,48.12,48.17,9800997,69.91
2017-08-01,48.26,48.82,48.13,48.5,7266400,70.38
2017-08-02,48.41,48.75,48.19,48.73,5398113,70.71
2017-08-03,48.66,48.93,48.48,48.92,4725483,70.99
2017-08-04,49.04,49.18,48.48,48.92,5181014,70.99
2017-08-07,48.88,49.08,48.68,49.08,4145799,71.22
2017-08-08,49.15,49.55,48.93,49.25,4750820,71.47
2017-08-09,49.11,49.71,48.99,49.63,4882780,72.02
2017-08-10,49.61,49.75,48.51,48.54,6316096,70.44
2017-08-11,48.75,48.93,48.53,48.67,3570738,70.63
2017-08-14,49.08,49.13,48.72,48.8,3075646,70.82
2017-08-15,48.97,49.02,48.43,48.47,4119811,70.34
2017-08-16,48.57,48.75,48.31,48.53,5160664,70.42
2017-08-17,48.65,48.71,48.12,48.13,5541950,69.85
2017-08-18,47.91,48.54,47.87,48.21,4756132,69.96
2017-08-21,48.18,48.81,48.17,48.72,5451714,70.7
2017-08-22,48.76,49.53,48.76,49.44,4142836,71.75
2017-08-23,49.13,49.55,49.11,49.28,3458390,71.52
2017-08-24,49.42,49.83,49.2,49.69,4830793,72.11
2017-08-25,49.77,50.15,49.76,49.95,4386638,72.48
2017-08-28,50.08,50.7,50,50.52,5123089,73.32
2017-08-29,50.15,50.92,50.15,50.92,3757012,73.89
2017-08-30,50.73,51.12,50.7,50.94,3537268,73.92
2017-08-31,51.1,51.96,50.94,51.89,7358212,75.3
2017-09-01,52.09,52.37,51.86,51.97,4162970,75.42
2017-09-05,51.95,52.08,51.5,51.85,6926556,75.25
2017-09-06,52.1,53.37,51.92,53.09,8374364,77.05
2017-09-07,53.26,56.82,53.06,56.35,16084988,81.78
2017-09-08,56.02,59.32,55.89,58.81,15480293,85.34
2017-09-11,58.2,60.02,58.15,59.95,13952282,87
2017-09-12,59.93,60.62,59.61,60.47,11697314,87.75
2017-09-13,60.35,61.22,60.24,60.96,9620952,88.47
2017-09-14,60.8,61.55,60.74,61.48,11335313,89.22
2017-09-15,61.61,61.81,59.62,60.21,24931631,87.37
2017-09-18,60.28,60.51,58.62,58.79,10233348,85.32
2017-09-19,58.95,59.72,58.84,59.52,8316790,86.37
2017-09-20,59.54,60.28,59.43,60.23,7212258,87.41
2017-09-21,60.19,60.43,59.72,60.23,8159093,87.41
2017-09-22,60.03,60.47,59.79,60.28,7201756,87.48
2017-09-25,59.92,60.49,59.54,59.66,9048557,86.57
2017-09-26,59.48,59.89,58.68,58.81,6547402,85.35
2017-09-27,58.81,58.84,57.33,58.4,7270721,84.75
2017-09-28,59.8,62.67,59.52,61.3,15782483,88.96
2017-09-29,61.12,61.57,60.41,61.23,7981728,88.86
2017-10-02,61.84,62.3,61.27,62.29,7091082,90.39
2017-10-03,62.29,62.46,61.34,61.81,4589706,89.7
2017-10-04,61.69,62.32,61.54,61.95,3633331,89.9
2017-10-05,61.81,62.4,61.66,62.14,4788241,90.18
2017-10-06,62.16,62.94,61.98,62.36,3821843,90.49
2017-10-09,62.41,62.84,62.12,62.56,5448959,90.78
2017-10-10,62.51,62.86,61.81,62.82,3815259,91.17
2017-10-11,63.03,63.82,62.69,63.66,7786443,92.38
2017-10-12,63.68,63.83,63.08,63.44,5418533,91.42
2017-10-13,63.43,63.74,62.83,62.92,7901112,90.67
2017-10-16,63.15,63.83,62.84,63.17,5092245,91.04
2017-10-17,63.21,64.38,63.11,63.96,5628034,92.17
2017-10-18,64.08,66.92,63.98,66.64,11603075,96.04
2017-10-19,66.27,67.04,65.58,66.95,9813860,96.48
2017-10-20,67.16,68.18,65.84,66.68,7853851,96.1
2017-10-23,66.57,66.61,65.54,65.58,4951866,94.51
2017-10-24,65.23,65.32,62.99,63.62,10845456,91.69
2017-10-25,63.69,63.89,62.96,63.68,7944654,91.77
2017-10-26,63.74,63.74,59.15,62.15,10888182,89.56
2017-10-27,64.32,65.9,62.97,63.79,9650904,91.93
2017-10-30,63.63,63.88,61.69,63.12,7117011,90.96
2017-10-31,63.06,63.71,62.48,62.62,8802403,90.25
2017-11-01,62.99,64.77,62.64,64.14,7737859,92.44
2017-11-02,63.89,64.08,62.58,63.16,5346652,91.02
2017-11-03,63.35,64.22,63.08,64.05,3945507,92.31
2017-11-06,63.92,64.94,63.44,64.51,6335360,92.96
2017-11-07,64.56,66.39,64.51,65.2,7772921,93.96
2017-11-08,65.44,66.87,65.12,66.41,7406330,95.71
2017-11-09,66.12,66.87,66.1,66.54,5431523,95.89
2017-11-10,66.39,66.57,64.92,66.22,7067202,95.43
2017-11-13,66.18,66.21,65.25,66,4486186,95.12
2017-11-14,65.67,65.86,64.61,65.75,5229485,94.75
2017-11-15,65.71,65.71,64.34,65.06,5103755,93.76
2017-11-16,65.53,66.04,64.73,65.55,4614852,94.47
2017-11-17,65.09,65.57,64.93,64.96,3732978,93.61
2017-11-20,65.17,65.44,64.46,64.95,4827927,93.6
2017-11-21,65.02,66.2,64.95,65.7,4930249,94.68
2017-11-22,65.71,66.2,65.38,65.55,2876743,94.47
2017-11-24,65.23,65.9,64.91,65.73,2076844,94.72
2017-11-27,65.71,66.36,65.53,66.21,3561985,95.42
2017-11-28,66.57,67.23,65.8,66.21,5847204,95.42
2017-11-29,66.45,66.86,65.94,66.49,4470368,95.82
2017-11-30,66.86,67.68,66.76,67.25,11258135,96.92
2017-12-01,67.44,68.36,65.44,66.84,5396296,96.32
2017-12-04,66.87,67.07,65.68,66.07,5305951,95.22
2017-12-05,66.23,67.11,65.92,66.21,6571753,95.41
2017-12-06,66.41,66.47,64.86,65.5,5670553,94.4
2017-12-07,65.5,65.62,64.46,65.39,5214451,94.24
2017-12-08,65.66,66.99,65.66,66.58,5778279,95.95
2017-12-11,66.53,67.52,66.46,66.94,4897673,96.47
2017-12-12,67.04,67.09,65.75,66.82,4632067,96.3
2017-12-13,67.03,68.61,67.03,67.55,6756828,97.35
2017-12-14,67.54,67.61,66.37,66.82,4543492,96.3
2017-12-15,67.21,67.92,67.06,67.62,16325367,97.45
2017-12-18,67.77,68.77,67.69,68.13,5326143,98.19
2017-12-19,68.29,68.38,67.79,67.95,3399230,97.92
2017-12-20,67.91,68.63,67.46,67.59,4095332,97.41
2017-12-21,67.88,68.25,67.81,67.94,2541013,97.91
2017-12-22,67.91,68.48,67.8,68.15,3498842,98.21
2017-12-26,68.11,68.25,67.34,67.83,3247504,97.75
2017-12-27,67.82,68.16,67.61,68.07,2277830,98.09
2017-12-28,68.13,68.27,67.67,67.86,2094443,97.79
2017-12-29,68.1,68.3,67.11,67.11,4253268,96.71
2018-01-02,67.41,68.63,67.14,68.29,5013714,98.41
2018-01-03,68.38,69.46,68.03,69.36,5163225,99.95
2018-01-04,69.44,69.47,68.25,68.96,3913785,99.38
2018-01-05,68.93,70.22,68.39,70.16,5082190,101.11
2018-01-08,70.28,70.28,68.13,69.04,6318504,99.49
2018-01-09,69.04,69.85,68.49,69.56,4444465,100.24
2018-01-10,69.15,69.53,68.82,69.18,5028501,99.69
2018-01-11,69.45,69.53,68.88,69.38,4768176,99.27
2018-01-12,69.43,70.34,68.95,70.13,4800480,100.34
2018-01-16,70.07,71.98,69.89,71.63,9846099,102.49
2018-01-17,71.98,73.27,71.67,72.94,6125954,104.36
2018-01-18,72.89,73.28,72.29,72.55,7111680,103.81
2018-01-19,72.91,73.29,72.37,73.13,5676608,104.64
2018-01-22,73.17,74.46,73.01,74.42,5134789,106.49
2018-01-23,74.2,74.76,73.4,73.65,5461103,105.38
2018-01-24,73.56,74.24,72.75,73.74,5040060,105.51
2018-01-25,74.05,75.74,73.9,75.69,6741956,108.3
2018-01-26,80.02,87.96,79.32,86.11,20231009,123.21
2018-01-29,84.91,86.77,83.15,85.48,10835263,122.31
2018-01-30,83.46,84.88,80.98,80.99,12407855,115.88
2018-01-31,81.22,81.42,77.78,78.43,17831091,112.22
2018-02-01,78.44,82.14,78.44,81.31,10520178,116.34
2018-02-02,80.72,82.42,80.32,80.49,7778320,115.17
2018-02-05,78.97,80.75,76.46,76.53,10732328,109.51
2018-02-06,73.32,79.34,70.59,77.72,15122585,111.2
2018-02-07,77.94,81.66,77.84,79.41,11326700,113.62
2018-02-08,79.32,79.67,75.7,75.81,7823472,108.48
2018-02-09,76.58,78.8,74.37,77.79,9758448,111.3
2018-02-12,78.67,79.2,77.33,78.23,5394654,111.93
2018-02-13,77.95,78.56,77.15,78.18,6039486,111.86
2018-02-14,77.6,79.44,77.07,79.03,7087903,113.08
2018-02-15,79.41,81.3,78.54,80.3,7734457,114.9
2018-02-16,80.53,83.31,80.51,82.89,9390051,118.6
2018-02-20,82.27,84.95,81.92,82.45,9166675,117.98
2018-02-21,82.82,84.77,82.36,82.41,5779800,117.91
2018-02-22,82.81,83.68,81.48,82.16,5639599,117.56
2018-02-23,82.85,83.38,81.69,82.99,5188722,118.75
2018-02-26,83.36,85.07,83.19,84.94,5060162,121.54
2018-02-27,84.71,85.26,82.58,82.65,5416506,118.26
2018-02-28,83.17,83.87,80.92,80.95,7649523,115.83
2018-03-01,81.01,81.5,78.14,79.56,7726476,113.84
2018-03-02,78.93,80.7,78.2,80.4,6026454,115.04
2018-03-05,79.61,81.29,78.9,80.83,4432037,115.66
2018-03-06,81.08,81.28,79.55,80.06,4016825,114.56
2018-03-07,78.68,80.36,78.42,80.18,6000381,114.72
2018-03-08,80.37,82.29,79.92,81.78,7147821,117.01
2018-03-09,82.39,83.63,82.24,83.37,6128591,119.29
2018-03-12,83.5,83.58,82.42,82.68,5379117,118.3
2018-03-13,83.35,84.88,82.98,83.69,5790818,119.75
2018-03-14,84.1,84.33,82.43,83.12,3868027,118.94
2018-03-15,83.17,83.52,80.29,80.32,6299515,114.93
2018-03-16,80.29,81.58,79.39,79.47,10519646,113.71
2018-03-19,79.49,80.36,77.18,78.3,9711913,112.03
2018-03-20,78.9,79.78,78.34,78.73,5438680,112.65
2018-03-21,79.03,79.53,78.09,78.59,4945955,112.45
2018-03-22,72.82,73.03,66.76,68.56,27980234,98.1
2018-03-23,69.18,70.11,68.05,68.11,14841515,97.46
2018-03-26,69.53,69.83,64.13,66.59,14568050,95.28
2018-03-27,66.74,66.9,63.68,64.3,11539058,92.01
2018-03-28,64.43,67.69,64,65.88,11663620,94.27
2018-03-29,66.06,66.77,65.35,66.15,8872182,94.65
2018-04-02,65.76,66.14,63.11,63.92,8830252,91.46
2018-04-03,64.53,64.62,61.66,63.31,11194225,90.59
2018-04-04,62,65.28,61.94,64.95,9373478,92.94
2018-04-05,65.04,65.18,64.05,64.44,7895359,92.21
2018-04-06,63.91,64.84,62.05,62.75,7360665,89.78
2018-04-09,63.87,65.26,63.19,63.23,9588623,90.48
2018-04-10,63.95,65.97,63.55,65.43,6954288,93.62
2018-04-11,64.7,66.03,64.58,65.44,7691723,93.64
2018-04-12,66.17,66.17,65.01,65.05,7805245,92.12
2018-04-13,65.41,65.42,64.32,64.84,5026644,91.83
2018-04-16,65.59,66.02,65.18,65.39,4224003,92.6
2018-04-17,65.81,66.38,65.4,66.09,4879893,93.59
2018-04-18,66.38,66.8,65.68,66.6,6342827,94.32
2018-04-19,66.64,66.75,64.54,65.68,5475628,93.01
2018-04-20,65.95,66.23,64.98,65.39,5370703,92.6
2018-04-23,65.62,66.23,65.48,65.79,5287641,93.17
2018-04-24,65.67,66.01,63.86,64.51,7182179,91.36
2018-04-25,64.23,65.16,63.92,64.87,5943920,91.87
2018-04-26,66.38,69.59,66.08,68.8,13087602,97.44
2018-04-27,68.8,70.15,68.05,69.72,6400626,98.73
2018-04-30,69.94,70.2,68.15,68.18,8948971,96.55
2018-05-01,72.09,72.99,71.45,72.07,12379553,102.07
2018-05-02,71.44,71.85,70.58,70.87,8405158,100.37
2018-05-03,70.75,71.16,69.74,70.81,8355244,100.28
2018-05-04,70.54,71.27,69.99,70.73,5613082,100.17
2018-05-07,71.14,71.51,70.08,70.35,6938642,99.63
2018-05-08,70,70.46,69.69,70.19,8023197,99.4
2018-05-09,70.22,72.05,69.84,71.45,6518896,101.18
2018-05-10,72.43,73.3,71.97,72.62,6080915,102.85
2018-05-11,72.96,73.92,72.05,73.56,6894789,104.18
2018-05-14,73.72,75.06,73.67,74.77,9622954,105.89
2018-05-15,74.41,74.54,73.15,73.56,8948147,104.18
2018-05-16,73.76,74.6,73.58,74.17,8728073,105.04
2018-05-17,74.21,74.43,73.58,74.37,7019194,105.32
2018-05-18,74.33,75.4,74.22,74.83,5801277,105.98
2018-05-21,75.55,75.73,74.81,75.01,6302331,106.23
2018-05-22,75.24,75.72,74.92,75.01,10202196,106.23
2018-05-23,74.74,75.07,73.96,74.57,13821301,105.6
2018-05-24,73.82,73.82,71.75,72.83,14332591,103.14
2018-05-25,72.23,72.83,70.29,71.37,25761634,101.08
2018-05-29,70.8,71.73,69.86,70.24,26577261,99.47
2018-05-30,71.93,72.84,71.2,72.74,32398625,103.01
2018-05-31,71.27,71.39,69.55,69.86,22033347,98.94
2018-06-01,69.15,70.21,69.13,69.24,18139119,98.05
2018-06-04,69.54,70.23,68.93,69.98,13552373,99.1
2018-06-05,69.98,70.85,69.74,70.08,12743925,99.24
2018-06-06,70.08,70.6,69.43,70.6,5676287,99.98
2018-06-07,70.79,70.85,69.81,70.13,5755593,99.32
2018-06-08,70.1,70.97,69.91,70.92,4685232,100.43
2018-06-11,71.01,71.37,70.2,70.45,6264796,99.77
2018-06-12,70.47,70.7,69.72,69.84,9444903,98.91
2018-06-13,69.85,70.07,68.85,68.9,9030251,97.58
2018-06-14,69.47,69.85,69.02,69.73,5664309,98.75
2018-06-15,69.74,70.52,69.2,70.31,32277178,99.57
2018-06-18,70.01,70.14,69.42,69.54,8018096,98.48
2018-06-19,69.12,69.47,68.44,69.21,6565906,98.01
2018-06-20,69.36,70.29,69.09,69.38,6501349,98.25
2018-06-21,69,69.19,67.27,67.47,7622807,95.55
2018-06-22,67.83,67.87,65.97,66.02,11313961,93.49
2018-06-25,66.02,66.64,65.03,65.7,6269299,93.05
2018-06-26,65.92,66.28,65.02,65.05,5856739,92.12
2018-06-27,65.22,65.86,64.59,64.62,6627443,91.51
2018-06-28,64.5,65.39,64.12,65.27,7529642,92.43
2018-06-29,65.56,66.7,65.36,65.42,7926964,92.65
2018-07-02,65.01,65.88,64.86,65.75,4304937,93.11
2018-07-03,66.08,66.64,65.75,66.1,2743537,93.61
2018-07-05,66.73,67.12,66.34,66.71,5338649,94.48
2018-07-06,67.22,68.54,67.05,68.44,6600316,96.92
2018-07-09,69.19,69.45,68.44,68.52,6427535,97.04
2018-07-10,68.57,69.87,68.27,69.79,6006948,98.84
2018-07-11,67.97,68.85,66.99,67.05,6724480,94.96
2018-07-12,67.71,68.24,67.12,68.2,5598908,95.61
2018-07-13,67.72,69.1,67.72,68.93,4164551,96.63
2018-07-16,69.01,69.06,67.95,68.66,4812915,96.25
2018-07-17,68.74,69.31,68,68.06,5732680,95.41
2018-07-18,67.96,68.08,67.29,67.34,6412589,94.4
2018-07-19,66.53,66.54,62.6,64.16,20205014,89.95
2018-07-20,63.28,63.94,61.89,63.42,12533657,88.91
2018-07-23,63.61,64.19,63.23,63.77,6620080,89.4
2018-07-24,64.56,65.35,64.02,65.3,8462087,91.54
2018-07-25,64.97,66.7,64.97,66.43,8351578,93.12
2018-07-26,67.02,67.45,66.01,67.01,7670273,93.94
2018-07-27,65.16,65.82,63.32,64.6,13752530,90.56
2018-07-30,64.68,65.3,63.76,65.23,6981747,91.45
2018-07-31,65.38,66.08,65.15,65.79,10154093,92.23
2018-08-01,65.83,67.4,65.83,66.99,5744119,93.91
2018-08-02,66.75,68.38,66.63,67.85,6401733,95.12
2018-08-03,67.69,69.09,67.64,68.86,5308163,96.53
2018-08-06,68.67,69.59,68.29,69.24,5675792,97.06
2018-08-07,69.41,70.16,66.87,67.1,9419416,94.06
2018-08-08,66.71,67.11,66.25,66.86,4863114,93.73
2018-08-09,67.2,68.58,66.68,68.1,6527966,95.47
2018-08-10,68.02,69.01,67.99,68.34,4785080,95.8
2018-08-13,68.48,69.61,68.34,69.04,6393002,96.78
2018-08-14,68.99,69.44,68.29,68.42,5977390,95.92
2018-08-15,68.42,69.76,68.2,69.51,7360868,97.45
2018-08-16,69.74,70.37,69.24,70.06,7653289,98.22
2018-08-17,70.06,70.73,68.78,70.48,6916812,98.81
2018-08-20,70.86,71.5,69.53,69.64,7358642,97.63
2018-08-21,69.81,69.94,69.05,69.72,3868507,97.74
2018-08-22,69.77,70.13,69.29,69.65,3255675,97.64
2018-08-23,69.69,69.8,69.11,69.3,2531563,97.15
2018-08-24,69.3,69.61,68.87,69.48,3630235,97.4
2018-08-27,69.98,70.12,69.41,69.92,2838775,98.02
2018-08-28,69.76,70.41,69.26,69.38,3994436,97.26
2018-08-29,69.48,69.79,68.5,69.61,4079263,97.58
2018-08-30,69.54,69.71,68.88,69.04,3767764,96.79
2018-08-31,68.66,68.97,67.02,68.47,6178359,95.98
2018-09-04,68.45,68.46,67.11,67.45,5014052,94.56
2018-09-05,67.3,67.94,67.12,67.9,6208641,95.19
2018-09-06,67.62,67.82,66.19,66.87,6472070,93.74
2018-09-07,66.8,67.3,65.34,67.17,4461383,94.17
2018-09-10,67.75,67.89,66.84,66.92,3713039,93.82
2018-09-11,66.85,66.86,66.25,66.47,3041836,93.18
2018-09-12,65.9,67.01,65.66,66.51,3889481,93.24
2018-09-13,66.63,68.74,66.63,68.72,5368030,96.33
2018-09-14,68.69,68.77,67.71,68.25,3868562,95.68
2018-09-17,68.05,68.59,67.62,68.03,5030110,95.37
2018-09-18,68.02,68.52,65.92,66.06,10761958,92.61
2018-09-19,65.42,65.8,64.49,64.93,9508380,91.02
2018-09-20,65.22,66.42,64.64,66.11,6552680,92.68
2018-09-21,66.23,66.58,65.66,65.81,13282840,92.26
2018-09-24,65.84,67.04,65.59,66.64,6536122,93.42
2018-09-25,66.68,67.51,66.63,66.9,6044041,93.78
2018-09-26,67.26,67.85,66.95,67.18,5285167,94.18
2018-09-27,67.3,67.69,67.02,67.15,3453656,94.14
2018-09-28,67.05,67.88,66.94,67.47,5300899,94.58
2018-10-01,67.55,68.22,67.29,67.77,4277350,95
2018-10-02,68.01,68.02,66.68,67.22,7179777,94.23
2018-10-03,67.51,68.91,67.48,68.49,5284037,96.01
2018-10-04,68.34,68.34,65.85,66.94,4919063,93.84
2018-10-05,67.12,67.96,66.28,67.32,5095764,94.38
2018-10-08,67.1,68.03,66.87,67.63,3776630,94.81
2018-10-09,67.56,67.95,66.91,67.46,4176298,94.57
2018-10-10,66.95,68.04,66.33,66.4,5936917,93.08
2018-10-11,66.34,66.61,63.92,64.7,10670974,90.7
2018-10-12,65.4,65.67,64.09,65.38,6272474,90.69
2018-10-15,65.25,65.32,64.29,64.3,5403729,89.18
2018-10-16,64.73,66.31,64.55,66.26,4376413,91.91
2018-10-17,66.2,66.62,65.49,66.52,3372685,92.27
2018-10-18,66.33,66.62,64.32,64.81,4880291,89.9
2018-10-19,64.35,64.88,63.42,63.42,8596690,87.97
2018-10-22,63.83,63.83,60.2,60.76,8218835,84.27
2018-10-23,59.54,60.99,58.76,59.81,8633255,82.96
2018-10-24,59.72,59.93,57.14,57.25,9280287,79.41
2018-10-25,57.97,59.98,57.43,58.92,9756136,81.73
2018-10-26,58.41,58.78,57.27,58.25,7078027,80.79
2018-10-29,59.23,59.96,57.63,58.66,4731248,81.36
2018-10-30,59.07,59.75,57.77,58.82,5988899,81.59
2018-10-31,58.38,58.82,56.05,56.13,15901661,77.85
2018-11-01,56.02,58.15,55.87,57.83,11434528,80.21
2018-11-02,60.69,60.86,56.78,57.36,14067695,79.56
2018-11-05,57.2,60.44,57.15,59.54,11581392,82.58
2018-11-06,59.82,60.73,59.34,60.32,8441286,83.66
2018-11-07,60.67,62.88,60.66,62.69,11374855,86.96
2018-11-08,62.8,64.68,62.72,63.25,10050799,87.73
2018-11-09,63.32,64.55,63.13,64.01,10060905,88.79
2018-11-12,63.99,64.8,63.81,64.66,10718878,89.69
2018-11-13,64.89,65.52,63.59,63.6,7630866,88.22
2018-11-14,64.2,64.45,62.33,63.67,7954892,88.31
2018-11-15,63.18,65.1,61.97,64.99,11388710,90.14
2018-11-16,64.69,66.33,64.31,65.99,9703829,91.53
2018-11-19,65.82,66.57,64.25,64.51,6564721,89.48
2018-11-20,64.09,64.68,63.34,63.51,6239211,88.09
2018-11-21,63.81,64.01,61.55,62.11,7244055,86.15
2018-11-23,61.71,62.4,61.21,61.74,1859626,85.63
2018-11-26,62.28,62.9,61.43,62.18,6294740,86.24
2018-11-27,62.16,63.23,61.64,63.21,4704529,87.68
2018-11-28,63.47,64.14,62.41,64.12,4531539,88.94
2018-11-29,64.17,65.12,63.7,64.82,4220897,89.91
2018-11-30,65.07,67.97,64.79,67.97,16171027,94.27
2018-12-03,68,68.29,66.92,67.53,7466566,93.66
2018-12-04,67.71,68.48,65.18,65.28,8441604,90.55
2018-12-06,64.67,65.23,62.85,65.12,10174017,90.33
2018-12-07,64.84,64.89,62.27,62.69,7739725,86.96
2018-12-10,62.49,63.36,60.99,63.16,6430152,87.61
2018-12-11,63.89,64.48,62.48,63.57,5634452,88.17
2018-12-12,64.4,65.01,63.7,63.88,5114493,88.6
2018-12-13,64.43,64.88,62.99,63.24,4549179,87.71
2018-12-14,62.58,62.84,61.34,61.72,6499211,85.61
2018-12-17,61.33,62.64,60.71,61.23,6748828,84.93
2018-12-18,61.61,61.64,59.7,60.26,5911741,83.58
2018-12-19,60.8,62.22,59.59,60.21,6170950,83.52
2018-12-20,59.83,62.35,59.41,61.55,10736359,85.37
2018-12-21,61.02,63.96,60,61.22,19234883,84.92
2018-12-24,61.17,62.32,60.27,60.68,5664767,84.16
2018-12-26,61.09,64.23,61.01,64.19,6887724,89.04
2018-12-27,63.41,64.84,62.62,64.82,8058989,89.91
2018-12-28,64.95,66.92,64.89,65.69,6583356,91.12
2018-12-31,66.04,67.04,65.77,66.47,6481878,92.19
2019-01-02,65.78,65.8,63.75,64.33,7614051,89.23
2019-01-03,63.91,64.02,62.06,62.21,9161011,86.29
2019-01-04,63.26,64.27,62.2,64.22,10423363,89.07
2019-01-07,64.94,65.43,64.31,65.15,8331591,90.37
2019-01-08,65.75,66.54,65.18,65.46,8346403,90.79
2019-01-09,65.52,65.89,63.06,63.31,10563845,87.81
2019-01-10,63.36,64.08,62.81,63.59,7283105,88.2
2019-01-11,63.11,63.67,63.11,63.67,5743994,88.31
2019-01-14,63.47,63.47,61.66,61.86,7371540,84.76
2019-01-15,61.98,62.53,61.63,62.4,7864053,85.5
2019-01-16,62.52,63.05,62.36,62.43,5896625,85.55
2019-01-17,62.44,63.99,62.34,63.64,7508356,87.2
2019-01-18,64.55,65.53,63.43,65.32,6724263,89.5
2019-01-22,64.85,65.22,64.15,64.7,6234777,88.66
2019-01-23,64.83,65.16,64,64.55,5620873,88.45
2019-01-24,64.46,64.54,62.11,62.68,9125026,85.88
2019-01-25,60.22,60.29,57.97,58.78,22265604,80.54
2019-01-28,58.38,58.46,55.96,56.3,15373846,77.14
2019-01-29,56.21,57.04,55.3,56.54,14489079,77.47
2019-01-30,56.7,57.79,56.18,57.7,9780828,79.06
2019-01-31,57.65,59.34,57.44,58.6,13435871,80.29
2019-02-01,58.57,58.92,57.73,58.75,7246155,80.5
2019-02-04,58.6,58.65,56.57,57.31,10832009,78.53
2019-02-05,57.36,58.42,57.09,58.16,9093172,79.69
2019-02-06,58.09,58.3,57.5,57.71,5538509,79.08
2019-02-07,57.18,57.82,56.79,57.78,6456680,79.17
2019-02-08,57.68,58.28,57.57,58.14,5380792,79.67
2019-02-11,58.3,58.52,57.78,58.22,5397696,79.77
2019-02-12,58.38,58.47,57.34,58.33,7486278,79.93
2019-02-13,58.63,59.35,58.6,58.96,4608428,80.79
2019-02-14,58.71,58.88,58.18,58.76,3853321,80.52
2019-02-15,59.21,59.63,58.5,59,6821834,80.85
2019-02-19,58.75,59.49,58.55,58.76,6163641,80.52
2019-02-20,58.77,58.82,57.76,58.38,6143994,79.99
2019-02-21,58.19,58.32,57,57.47,6864677,78.75
2019-02-22,57.8,58.52,57.1,58.4,5495736,80.02
2019-02-25,58.72,58.84,58.3,58.6,6204783,80.29
2019-02-26,58.53,59.01,58.4,58.76,4976613,80.51
2019-02-27,58.49,58.49,57.51,57.95,4750430,79.41
2019-02-28,57.99,58.17,57.47,57.83,7313276,79.24
2019-03-01,58.22,59,57.86,58.46,9259797,80.1
2019-03-04,58.68,58.92,57.74,57.99,6620149,79.46
2019-03-05,57.93,58.31,57.45,57.59,6719156,78.91
2019-03-06,57.75,57.75,56.6,56.99,5666716,78.09
2019-03-07,56.76,57.74,56.52,57.1,7323530,78.24
2019-03-08,56.68,56.95,56.26,56.62,7171164,77.58
2019-03-11,56.62,57.15,56.39,56.98,9649813,78.08
2019-03-12,57.23,57.76,56.96,57.46,6799715,78.74
2019-03-13,57.6,57.87,57.03,57.6,6823106,78.93
2019-03-14,57.65,58.68,57.22,58.35,6913804,79.95
2019-03-15,58.43,59.45,57.73,59.36,16307255,81.34
2019-03-18,59.36,59.66,58.59,58.86,6187780,80.65
2019-03-19,58.63,59.33,58.03,58.98,7414905,80.82
2019-03-20,58.91,59.04,58.43,58.7,6090186,80.43
2019-03-21,58.21,59.34,57.84,59.29,5678174,81.24
2019-03-22,58.95,59.84,58.16,58.21,5738516,79.76
2019-03-25,58.02,58.41,57.22,58.03,4413282,79.51
2019-03-26,58.27,59.25,58.24,58.94,5441100,80.76
2019-03-27,59.11,59.11,58.24,58.3,4408625,79.89
2019-03-28,58.63,58.74,58.02,58.36,3457403,79.96
2019-03-29,58.44,59.04,58.36,58.82,8436727,80.59
2019-04-01,59.1,59.19,58.36,58.95,5150093,80.78
2019-04-02,59.03,60.93,58.97,60.62,6879802,83.07
2019-04-03,61.03,61.84,60.42,60.63,7073908,83.08
2019-04-04,60.6,60.85,59.89,60.44,5693971,82.81
2019-04-05,60.44,61.44,60.33,60.9,4533936,83.45
2019-04-08,61.08,61.3,60.41,61.29,4008736,83.98
2019-04-09,61.14,61.14,60.21,60.35,4155317,82.69
2019-04-10,60.72,60.85,60.28,60.54,4175725,82.95
2019-04-11,60.72,60.76,59.28,59.68,9685517,81.77
2019-04-12,59.65,60.5,59.04,59.74,5514565,80.78
2019-04-15,59.87,60.27,59.43,59.92,4109617,81.03
2019-04-16,59.98,60.12,59.17,59.31,4027886,80.21
2019-04-17,59.23,59.31,57.35,57.66,7382230,77.98
2019-04-18,57.72,57.83,56.8,57.36,8281082,77.57
2019-04-22,57.38,58.49,57.31,57.79,5664201,78.15
2019-04-23,57.79,58.91,57.49,58.17,10264444,78.66
2019-04-24,58.59,58.86,58,58.18,7732015,78.67
2019-04-25,59.2,59.51,56.87,58.67,10915366,79.34
2019-04-26,58.91,59.64,58.71,58.94,6020330,79.7
2019-04-29,59.5,59.88,59.09,59.38,7286074,80.3
2019-04-30,59.66,59.67,58.18,58.71,13385339,79.39
2019-05-01,58.86,58.92,58.13,58.34,5987408,78.89
2019-05-02,58.21,58.26,57.38,58.03,5850033,78.47
2019-05-03,58.21,58.27,57.86,58.2,5106934,78.71
2019-05-06,57.49,58.8,57.19,58.61,6170368,79.26
2019-05-07,58.12,58.41,57.07,57.64,4854928,77.95
2019-05-08,57.67,58.34,57.18,57.67,4402900,77.99
2019-05-09,57.32,57.78,56.74,57.61,4188017,77.91
2019-05-10,57.27,57.48,55.92,57.27,5158734,77.45
2019-05-13,56.42,57.16,56.33,56.84,4417716,76.87
2019-05-14,57.06,58.68,56.94,58,7192753,78.44
2019-05-15,58.06,58.53,57.3,58.26,5199375,78.78
2019-05-16,58.4,59.71,58.2,58.79,5857618,79.5
2019-05-17,58.07,59.22,57.69,58.76,5986440,79.46
2019-05-20,58.43,59.45,58.35,59.03,4751842,79.82
2019-05-21,59.4,60.27,59.4,59.81,5381776,80.88
2019-05-22,59.54,60.45,59.07,60.33,4569566,81.59
2019-05-23,59.45,60.36,59.4,60.01,3675580,81.15
2019-05-24,59.96,59.97,59.06,59.2,4225131,80.06
2019-05-28,59.16,59.23,57.62,57.7,8012083,78.03
2019-05-29,57.36,57.88,57.01,57.72,4522186,78.06
2019-05-30,58.06,58.12,57.04,57.39,3875996,77.61
2019-05-31,57.17,57.36,56.5,56.73,4678443,76.71
2019-06-03,56.67,56.82,54.58,55.98,9157479,75.7
2019-06-04,56.3,57.27,56.13,56.76,7292621,76.75
2019-06-05,57.24,57.81,56.69,56.98,4458950,77.06
2019-06-06,57.06,57.47,56.84,56.99,4657281,77.07
2019-06-07,57.3,57.96,57,57.26,5661974,77.43
2019-06-10,57.28,57.49,56.64,56.9,4260161,76.95
2019-06-11,57.3,58.35,57.3,57.81,4727304,78.17
2019-06-12,57.81,58.6,57.81,58.1,5157266,78.57
2019-06-13,58.37,58.57,57.9,58.38,3414775,78.95
2019-06-14,58.38,58.67,57.83,58.19,4591369,78.69
2019-06-17,57.98,58.46,57.98,58.16,3626928,78.65
2019-06-18,58.33,58.57,56.95,57.86,5905874,78.25
2019-06-19,57.98,58.03,57.15,57.39,7689428,77.61
2019-06-20,57.86,58.54,57.74,57.93,6984625,78.34
2019-06-21,57.79,58.48,56.52,58.26,14161367,78.78
2019-06-24,57.98,58.65,57.57,58.01,6867390,78.45
2019-06-25,52.11,52.26,48.11,48.58,93207856,65.7
2019-06-26,49.72,50.59,49.4,50.28,43923703,68
2019-06-27,50.4,52.21,50.36,51.76,22780377,70
2019-06-28,52.19,53.79,52.01,53.78,24130938,72.72
2019-07-01,54.35,54.61,53.45,54.28,18901916,73.4
2019-07-02,54.13,54.91,53.48,54.89,13714444,74.23
2019-07-03,54.98,55.44,54.56,55.43,7834324,74.96
2019-07-05,55.2,55.31,53.69,53.97,11666021,72.99
2019-07-08,53.63,53.98,52.41,52.67,15156075,71.22
2019-07-09,52.64,53.58,52.42,52.68,13491576,71.24
2019-07-10,52.93,53.05,52.47,52.98,10020629,71.65
2019-07-11,53.46,53.54,51.65,52.68,13456166,71.24
2019-07-12,52.74,52.78,51.46,52.76,14533366,70.28
2019-07-15,52.79,53.32,52.33,52.76,11502587,70.27
2019-07-16,52.67,52.78,51.9,51.92,11115422,69.16
2019-07-17,52.05,52.45,51.28,51.29,13890828,68.32
2019-07-18,51.48,51.76,51.05,51.24,9167118,68.25
2019-07-19,51.16,51.67,51.13,51.46,10717959,68.54
2019-07-22,51.43,51.61,50.93,51.05,11307807,68
2019-07-23,51.07,51.38,50.75,50.85,8643103,67.73
2019-07-24,50.88,50.97,50.12,50.65,15039058,67.46
2019-07-25,50.65,50.95,49.93,50.05,13824599,66.66
2019-07-26,50.78,51.91,50.58,50.87,13000011,67.76
2019-07-29,50.95,51.36,50.21,50.44,10825731,67.18
2019-07-30,50.24,50.7,49.75,50.44,8590100,67.18
2019-07-31,50.23,50.59,49.27,50.02,14868936,66.62
2019-08-01,50.25,50.45,48.88,49.4,14190702,65.8
2019-08-02,49.17,49.39,48.82,49.06,11304753,65.35
2019-08-05,48.78,49.64,48.45,48.97,12764412,65.23
2019-08-06,49,49.43,48.27,48.63,11048366,64.77
2019-08-07,48.33,48.72,47.53,48.39,11108094,64.46
2019-08-08,48.64,49.14,48.3,49.14,8450585,65.45
2019-08-09,49.08,50.2,48.27,49.23,11933812,65.58
2019-08-12,48.97,49.16,48.1,48.43,4941740,64.51
2019-08-13,48.69,49.49,48.53,48.81,7994486,65.01
2019-08-14,48.42,48.79,47.67,47.67,10371687,63.5
2019-08-15,48.14,48.23,47.04,47.28,10146216,62.98
2019-08-16,47.68,48.66,47.35,48.37,8985358,64.43
2019-08-19,48.83,50.21,48.78,49.97,11296073,66.56
2019-08-20,50.59,51.4,49.8,49.86,12604937,66.41
2019-08-21,50.56,50.99,50,50.71,8275062,67.54
2019-08-22,50.95,51.07,50.16,50.69,7231078,67.52
2019-08-23,50.51,50.89,49.16,49.53,10442173,65.97
2019-08-26,49.87,50.25,49.61,49.9,5248037,66.46
2019-08-27,50.05,50.29,49.17,49.3,8321023,65.67
2019-08-28,49.23,49.84,49.1,49.6,7397591,66.07
2019-08-29,50.1,50.32,49.52,49.72,6483669,66.22
2019-08-30,49.85,49.87,49.17,49.35,7619547,65.74
2019-09-03,49.38,49.4,48.75,49.1,9234001,65.4
2019-09-04,49.3,49.87,48.38,49.84,10681454,66.38
2019-09-05,50.03,50.52,49.87,50.32,6267637,67.03
2019-09-06,50.5,51.14,50.3,50.77,8368494,67.62
2019-09-09,51.02,51.05,49.78,50.08,11069542,66.7
2019-09-10,49.6,51.19,49.29,51.19,14550521,68.18
2019-09-11,51.34,52.36,51.1,52.17,9105079,69.49
2019-09-12,53.12,53.43,52.7,53.18,10492622,70.83
2019-09-13,53.42,53.69,52.91,52.94,9121936,70.51
2019-09-16,52.83,53.27,52.35,52.99,6653617,70.58
2019-09-17,52.94,54.12,52.82,53.75,10041467,71.6
2019-09-18,53.81,53.92,53.16,53.51,7510375,71.27
2019-09-19,53.6,53.99,53.46,53.81,6225251,71.67
2019-09-20,54.05,54.81,54.05,54.35,15334625,72.39
2019-09-23,54.3,55.39,54.09,54.75,9435968,72.93
2019-09-24,55.43,55.43,54.18,54.77,9241174,72.95
2019-09-25,54.72,54.99,54.07,54.12,6431196,72.09
2019-09-26,54.77,55.9,54.52,55.58,11439658,74.03
2019-09-27,55.71,56.41,55.5,56.19,8297507,74.85
2019-09-30,56.27,57.39,56.27,56.85,9357805,75.72
2019-10-01,56.98,57.08,54.76,54.98,11837992,73.23
2019-10-02,54.72,54.81,53.73,54.15,9320463,72.13
2019-10-03,54.1,55.51,54.08,55.44,6914550,73.85
2019-10-04,55.72,56.35,55.52,56.05,8405426,74.66
2019-10-07,56.1,56.51,55.62,55.8,6455605,74.33
2019-10-08,55.47,56.12,55.12,55.2,6750209,73.53
2019-10-09,55.61,56.02,54.99,55.03,6530609,73.3
2019-10-10,54.97,56.03,54.96,55.89,8267373,74.45
2019-10-11,56.34,56.63,56.04,56.08,7732462,73.63
2019-10-14,56.02,56.5,55.9,56.18,6134247,73.76
2019-10-15,56.52,57.11,56.21,56.75,6950949,74.5
2019-10-16,56.66,57.11,56.63,56.94,10035511,74.75
2019-10-17,57.12,58.03,56.86,57.23,8080087,75.14
2019-10-18,57.31,58.78,57.29,58.24,10452102,76.46
2019-10-21,58.56,59.3,57.78,58.88,9145852,77.3
2019-10-22,59.45,59.92,59.22,59.31,7269859,77.87
2019-10-23,59.25,59.43,58.8,59.22,7273821,77.75
2019-10-24,59.29,59.33,58.08,58.5,7231959,76.8
2019-10-25,58.19,58.49,58.06,58.29,6227054,76.53
2019-10-28,58.4,59.7,58.26,59.66,8089285,78.33
2019-10-29,59.5,59.98,59.1,59.77,6973688,78.47
2019-10-30,59.8,60.78,59.42,60.68,8095261,79.66
2019-10-31,60.72,60.74,59.98,60.59,12710450,79.55
2019-11-01,60.96,62.6,60.27,62.27,14352468,81.75
2019-11-04,63.18,63.47,62.57,63.21,10157263,82.99
2019-11-05,63.35,63.53,62.06,62.34,8356695,81.84
2019-11-06,62.28,62.65,61.2,62.52,10320649,82.08
2019-11-07,62.62,62.91,61.76,62.47,7292451,82.01
2019-11-08,62.54,65.1,62.53,64.9,12588791,85.21
2019-11-11,64.71,65.26,63.91,65.25,9972619,85.66
2019-11-12,65.2,67.24,65.16,65.84,13404574,86.44
2019-11-13,65.31,66.47,65,66.01,6603862,86.66
2019-11-14,65.83,66.84,65.45,66.75,5938705,87.63
2019-11-15,67.11,67.94,66.47,67.51,8880115,88.63
2019-11-18,67.29,68.1,67.27,67.59,6500975,88.73
2019-11-19,67.99,68.87,67.72,67.81,8605216,89.02
2019-11-20,67.58,67.58,65.92,66.42,12548128,87.2
2019-11-21,66.11,66.17,65.16,65.9,10354135,86.52
2019-11-22,65.99,66.11,64.98,65.54,8581878,86.05
2019-11-25,66.15,66.93,65.55,66.85,10922304,87.76
2019-11-26,67.14,67.17,66.22,66.82,7347597,87.72
2019-11-27,66.92,67.65,66.73,67.28,5105317,88.33
2019-11-29,67.03,67.1,66.44,66.82,3610578,87.73
2019-12-02,66.91,67.05,66.27,66.29,7614783,87.03
2019-12-03,65.48,65.87,65.19,65.47,12844880,85.95
2019-12-04,65.64,66.69,65.6,66.42,6798721,87.2
2019-12-05,66.46,66.46,65.7,66.06,6682289,86.72
2019-12-06,66.43,66.81,66.1,66.25,6620649,86.98
2019-12-09,66.44,66.82,65.8,65.84,6556361,86.44
2019-12-10,66.21,66.23,65.67,65.93,8885222,86.56
2019-12-11,66.15,66.47,65.68,66.04,8141597,86.7
2019-12-12,66.09,67.75,66.08,67.59,6995100,88.73
2019-12-13,67.62,67.86,66.52,66.91,6458305,87.84
2019-12-16,67.32,68.64,67.23,68.12,7891166,89.43
2019-12-17,68.55,68.68,67.85,68.61,10680885,90.08
2019-12-18,68.59,68.69,67.81,68.04,7636195,89.33
2019-12-19,68.31,68.31,67.46,67.62,6429657,88.77
2019-12-20,68.86,70.07,67.91,68.01,25640259,89.29
2019-12-23,68.25,68.91,68.04,68.74,6656769,90.25
2019-12-24,68.86,68.86,68.12,68.44,1980823,89.85
2019-12-26,68.71,69.1,68.13,68.42,4566588,89.83
2019-12-27,68.54,68.77,67.66,67.94,4544607,89.2
2019-12-30,67.96,68.35,67.15,67.43,7573341,88.52
2019-12-31,67.19,67.49,66.94,67.44,5465466,88.54
2020-01-02,67.85,68.23,67.42,68.21,6238305,89.55
2020-01-03,67.16,68.09,66.95,67.56,6956091,88.7
2020-01-06,67.2,68.26,67.01,68.1,7573662,89.4
2020-01-07,67.74,68.2,67.23,67.71,7781388,88.89
2020-01-08,67.91,68.6,67.69,68.19,8371848,89.52
2020-01-09,68.56,68.73,67.83,68.71,8083046,90.21
2020-01-10,68.73,68.77,67.66,67.84,9552460,89.06
2020-01-13,68.17,68.17,66.97,67.43,10457993,88.52
2020-01-14,67.24,68.27,66.99,68.09,10221770,88.2
2020-01-15,68.07,69.39,68.07,68.91,9237426,89.26
2020-01-16,68.95,69.32,68.65,68.91,8256408,89.26
2020-01-17,68.81,68.92,67.77,67.94,11853879,88
2020-01-21,67.69,68.34,67.6,67.93,15614341,87.99
2020-01-22,67.96,68.07,67.28,67.33,7282616,87.21
2020-01-23,67.2,67.22,65.61,65.83,15181120,85.27
2020-01-24,65.95,65.99,63.89,64.49,14287874,83.54
2020-01-27,65.66,66.34,64.85,64.86,14761445,84.02
2020-01-28,65.61,65.61,64.57,64.67,9471779,83.77
2020-01-29,64.69,64.85,64.18,64.23,6372003,83.2
2020-01-30,63.75,63.92,62.67,63.13,11773079,81.78
2020-01-31,62.95,63.09,62.08,62.55,18303894,81.02
2020-02-03,62.77,63.77,62.47,63.54,11022015,82.3
2020-02-04,64.53,65.4,64.53,65.13,9095902,84.36
2020-02-05,65.67,67.27,65.53,66.88,10853272,86.63
2020-02-06,67.85,67.9,66.56,67.3,8545168,87.18
2020-02-07,69.28,71.78,68.62,71.25,20047169,92.29
2020-02-10,71.3,73.73,71.11,73.15,14703065,94.75
2020-02-11,73.54,74.95,73.35,74.11,11938857,96
2020-02-12,74.1,75.55,73.89,75.49,11531853,97.79
2020-02-13,74.77,75.16,73.52,73.61,11466725,95.35
2020-02-14,73.52,73.57,72.39,72.61,12539911,94.05
2020-02-18,72.31,72.95,72,72.27,11926578,93.61
2020-02-19,72.39,73.18,71.81,72.68,6984107,94.14
2020-02-20,72.51,72.87,71.48,72.75,5945481,94.23
2020-02-21,72.54,73.74,72.09,73.31,7695890,94.96
2020-02-24,71.15,72.47,71.14,71.9,12069832,93.14
2020-02-25,72.04,72.15,68.02,68.85,12632113,89.18
2020-02-26,68.41,70.39,68.08,68.25,11173184,88.41
2020-02-27,66.54,69.06,65,65.94,15370869,85.42
2020-02-28,63.91,66.17,62.98,66.17,20880547,85.71
2020-03-02,66.39,68.54,64.5,68.47,13570193,88.69
2020-03-03,69.05,70.17,66.13,67.6,13874624,87.57
2020-03-04,68.92,70.92,68.67,70.83,17917414,91.75
2020-03-05,69.53,70.8,69.04,69.95,10969971,90.61
2020-03-06,68.5,69.29,67.36,68.57,13757874,88.82
2020-03-09,64.85,67.43,63.64,64.84,16980314,83.995
2020-03-10,68.08,68.11,64.66,67.57,14535952,87.53
2020-03-11,66.24,66.89,64.52,65.5,11635895,84.85
2020-03-12,60.87,62.76,59.49,60.69,21661023,78.61
2020-03-13,64.35,66.64,62.3,65.91,25206701,85.37
2020-03-16,60.99,63.44,56.8,57.34,22673278,74.27
2020-03-17,58.45,59.99,54.03,56.37,24695156,73.02
2020-03-18,54.04,55.11,49.94,54.83,25061802,71.03
2020-03-19,53.34,57.78,50.43,54.86,21410563,71.06
2020-03-20,56.36,56.36,51.58,53.13,20932691,68.82
2020-03-23,52.02,52.3,48.29,49.79,20531604,64.5
2020-03-24,52.62,55.44,51.79,52.1,21123617,67.49
2020-03-25,52.43,54.56,50.6,52.43,21782423,67.91
2020-03-26,53.13,57.37,53.08,57,17520402,73.83
2020-03-27,55.3,57.95,54.59,56.1,13451785,72.67
2020-03-30,56.76,58.86,56.72,58.09,11428211,75.24
2020-03-31,58.41,60.15,57.47,58.82,27361413,76.19
2020-04-01,55.68,57.12,55.14,56.68,13815264,73.42
2020-04-02,56.19,58.29,55.17,58,8689234,75.13
2020-04-03,57.63,58.24,56.01,56.64,8829171,73.37
2020-04-06,58.47,59.64,57.15,58.46,11863781,75.73
2020-04-07,60.35,60.66,58.09,58.2,13045020,75.39
2020-04-08,59.03,60.97,57.73,60.65,13726956,78.56
2020-04-09,60.65,61.82,60.65,61.57,10242399,79.75
2020-04-13,62.27,62.79,60.73,61.99,10741788,80.3
2020-04-14,63.17,64.91,62.91,64.35,12849449,82.13
2020-04-15,63.08,65.06,62.38,64.11,9830316,81.82
2020-04-16,64.82,65.6,63.92,64.14,11912520,81.86
2020-04-17,65.81,66.43,64.64,65.38,12627559,83.45
2020-04-20,65.45,66.86,64.74,65.81,10121128,83.99
2020-04-21,64.65,65.01,62.7,62.96,10498241,80.36
2020-04-22,63.64,64.6,63.25,63.83,7714907,81.47
2020-04-23,64.39,65.68,64.22,64.28,9571571,82.04
2020-04-24,64.93,65.56,64.52,65.49,7416433,83.59
2020-04-27,65.84,66.54,65.64,66.36,10845405,84.69
2020-04-28,67.15,67.36,64.54,64.84,8825670,82.76
2020-04-29,65.6,66.4,64.36,65.63,8878964,83.76
2020-04-30,65.01,65.24,63.64,64.4,21158524,82.2
2020-05-01,64.21,66,63.07,64.91,13475573,82.84
2020-05-04,64.42,64.91,63.56,64.14,7468923,81.86
2020-05-05,64.99,67.76,64.71,66.89,11670462,85.37
2020-05-06,67.6,69.06,66.79,66.93,18026055,85.42
2020-05-07,67.79,68.04,65.47,65.99,13282011,84.22
2020-05-08,66.14,66.33,64.6,65.78,23753050,83.96
2020-05-11,66.66,69.31,65.8,68.87,22742393,87.9
2020-05-12,70.52,72.26,69.32,70.88,26619818,90.46
2020-05-13,71.1,72.27,68.74,69.63,27139508,88.87
2020-05-14,68.65,70.89,68.5,70.47,15769423,89.94
2020-05-15,70.52,71.42,70.06,71.07,16716981,90.71
2020-05-18,72.08,73.38,71.54,71.67,18843107,91.47
2020-05-19,71.5,71.81,70.17,71.46,11082152,91.2
2020-05-20,72.18,72.51,70.44,71.45,12587289,91.19
2020-05-21,71.52,72.97,70.79,72.88,11644677,93.02
2020-05-22,72.85,72.87,71.87,72.16,6025442,92.1
2020-05-26,73.22,73.31,70.76,71.07,15660170,90.71
2020-05-27,70.94,71.3,69.39,70.5,14139686,89.98
2020-05-28,71.2,71.45,70.52,70.54,10425549,90.03
2020-05-29,71.3,72.78,70.2,72.61,17758303,92.67
2020-06-01,72.12,72.91,71.06,71.06,9387291,90.7
2020-06-02,71.28,71.85,70.56,71.33,10135618,91.04
2020-06-03,71.67,71.69,70.2,71.21,9277208,90.89
2020-06-04,70.74,73.24,70.71,72.9,10984205,93.04
2020-06-05,73.26,74.86,72.72,73.53,10663974,93.85
2020-06-08,72.79,74.44,72.72,74.11,7283176,94.59
2020-06-09,74.39,75.73,74.25,75.35,11171838,96.17
2020-06-10,75.99,77.84,75.84,75.92,12132656,96.9
2020-06-11,74.97,75.91,72.11,72.29,14926263,92.26
2020-06-12,73.55,74.23,71.32,72.44,8661243,92.46
2020-06-15,71.51,73.67,71.13,72.93,8091924,93.08
2020-06-16,74.32,75.37,73.24,75.26,10716044,96.06
2020-06-17,75.91,76.08,74.64,75.01,6868680,95.74
2020-06-18,74.87,75.57,74.64,75.4,5145552,96.23
2020-06-19,76.56,76.94,75.02,75.77,11785756,96.71
2020-06-22,75.72,76.24,75.07,76.21,7305581,97.27
2020-06-23,77.11,77.65,76.04,76.24,7425800,97.31
2020-06-24,75.58,76.13,73.92,74.54,11077619,95.14
2020-06-25,74.57,76.06,73.9,75.99,7200467,96.99
2020-06-26,75.91,76.02,74.46,75.32,18942810,96.13
2020-06-29,75.67,76.26,74.97,75.56,8199098,96.44
2020-06-30,75.22,77.47,75.08,76.93,9989048,98.18
2020-07-01,77.18,78.08,76.39,77.68,7337472,99.14
2020-07-02,77.92,78.34,76.67,77.47,6821419,98.88
2020-07-06,78.07,78.19,76.74,77.58,8280725,99.01
2020-07-07,77.32,78.89,77.22,77.84,6998018,99.35
2020-07-08,78.16,78.8,77.21,77.79,6835062,99.28
2020-07-09,77.63,78.18,75.85,76.74,6302365,97.94
2020-07-10,76.83,77.04,75.5,75.87,6685197,96.83
2020-07-13,76.28,78.01,75.94,76.67,9255966,97.86
2020-07-14,76.9,78.59,76.09,78.41,7938527,98.87
2020-07-15,79.31,79.69,78.37,79.69,6340526,100.48
2020-07-16,79.06,79.49,78.36,79.24,4940826,99.92
2020-07-17,79.54,80.32,79.24,79.97,8275896,100.83
2020-07-20,79.91,80.3,78.72,78.94,5218050,99.54
2020-07-21,79.16,79.16,77.06,77.25,8777503,97.4
2020-07-22,77.56,77.94,76.87,77.48,4925236,97.7
2020-07-23,77.91,78.45,77.28,77.74,5656401,98.03
2020-07-24,77.76,77.87,76.5,77.02,5521355,97.11
2020-07-27,76.41,77.63,76.34,77.05,5831800,97.16
2020-07-28,76.93,77.42,76.5,76.7,6310213,96.71
2020-07-29,76.82,77.25,76.64,76.94,6721860,97.01
2020-07-30,76.38,76.72,75.66,76.17,6917662,96.04
2020-07-31,75.79,77.13,74.19,75.27,16790199,94.91
2020-08-03,75.49,77.06,75.39,76.09,7502353,95.94
2020-08-04,76.07,76.16,74.59,74.78,9359988,94.29
2020-08-05,74.92,75.18,73.86,73.95,7482966,93.25
2020-08-06,74.01,74.27,72.79,73.41,7671587,92.57
2020-08-07,73.51,73.76,73.12,73.69,5885690,92.92
2020-08-10,73.46,74.29,73.08,73.26,8099870,92.38
2020-08-11,73.21,73.99,73.07,73.49,7740185,92.67
2020-08-12,74.16,75.8,74.02,75.75,8587992,95.51
2020-08-13,75.45,75.74,74.55,75.09,6416042,94.68
2020-08-14,75.64,75.87,74.98,75.4,6544065,95.07
2020-08-17,75.57,77.13,75.55,76.41,8415389,96.35
2020-08-18,76.63,76.69,75.46,75.86,5415974,95.65
2020-08-19,77.02,77.26,76.02,76.21,8329189,96.1
2020-08-20,75.73,76.16,75.09,75.5,7506909,95.2
2020-08-21,75.5,75.6,74.8,75.23,5971649,94.86
2020-08-24,75.26,75.53,74.69,74.95,4562210,94.51
2020-08-25,74.72,75.18,74.48,74.6,7235005,94.06
2020-08-26,74.15,74.87,73.71,74.83,6356485,94.35
2020-08-27,74.81,75.39,74.29,74.79,5741407,94.3
2020-08-28,74.96,75.06,74.18,74.68,5477559,94.17
2020-08-31,74.64,76.14,74.56,75.95,12176564,95.77
2020-09-01,75.75,76.07,72.4,73.15,16809079,92.24
2020-09-02,73.02,74.74,72.88,74.51,9840567,93.95
2020-09-03,74.45,74.79,72.24,72.86,9876977,91.87
2020-09-04,73.03,73.86,71.84,72.86,10739998,91.87
2020-09-08,72.58,72.85,70.94,71.55,9924659,90.22
2020-09-09,72.06,73.3,71.78,72.67,5987040,91.63
2020-09-10,72.23,72.49,70.96,71.1,11162187,89.65
2020-09-11,71.23,71.65,70.62,71.14,9038159,89.7
2020-09-14,71.42,72.38,70.95,71.77,6404556,90.49
2020-09-15,72.49,72.95,71.88,72.1,4270283,90.91
2020-09-16,72.19,72.38,71.13,71.2,7132045,89.78
2020-09-17,70.82,72.02,70.72,71.08,6353270,89.63
2020-09-18,70.97,71.77,70.47,71.46,13862916,90.11
2020-09-21,70.69,70.92,69.13,70.65,8068912,89.09
2020-09-22,70.5,70.54,69.73,70.27,6011132,88.6
2020-09-23,70.79,70.8,69.09,69.11,7477959,87.14
2020-09-24,69,69,67.66,68.13,11007505,85.91
2020-09-25,68.2,68.89,67.78,68.39,10684636,86.23
2020-09-28,69.23,69.95,68.89,69.22,7078236,87.28
2020-09-29,69.08,69.22,68.45,68.91,5916733,86.89
2020-09-30,69,70.14,68.85,69.47,9836230,87.59
2020-10-01,69.93,69.93,68.78,69.11,9422053,87.14
2020-10-02,68.6,69.27,68.24,68.3,6143355,86.12
2020-10-05,68.59,69.93,68.37,69.73,6525774,87.93
2020-10-06,69.77,69.84,67.97,68.12,9568191,85.89
2020-10-07,68.33,69.23,68.23,69.05,6820705,87.07
2020-10-08,69.21,70.25,68.93,69.27,6104230,87.34
2020-10-09,69.32,70.35,69.27,69.55,6697158,87.7
2020-10-12,69.93,70.27,69.25,70.04,7959239,88.32
2020-10-13,69.8,70.42,69.37,69.66,8406681,87.83
2020-10-14,69.84,70.03,69.05,69.19,6340357,86.07
2020-10-15,68.66,68.92,68.3,68.51,6835349,85.23
2020-10-16,69.04,70.06,68.94,69.35,6011939,86.27
2020-10-19,69.61,69.77,67.63,67.77,12857456,84.31
2020-10-20,67.68,68.19,67.06,67.73,7442247,84.25
2020-10-21,67.19,67.64,66.37,66.63,10869564,82.89
2020-10-22,66.74,68.24,66.66,67.77,8707354,84.31
2020-10-23,68.04,68.45,67.48,67.8,4692899,84.34
2020-10-26,67.6,67.78,66.57,67.46,8473539,83.92
2020-10-27,67.53,67.73,66.46,66.49,7430157,82.71
2020-10-28,65.4,66.09,64.5,64.7,12460459,80.49
2020-10-29,64.71,65.41,63.59,64.85,9409005,80.67
2020-10-30,66.88,69.25,66.72,68.41,20698925,85.1
2020-11-02,69.16,71.17,69.13,70.94,11773984,88.25
2020-11-03,71.66,71.85,70.28,70.71,8952377,87.96
2020-11-04,74.87,78.37,74.5,75.97,30441489,94.5
2020-11-05,76.66,76.79,74.76,75.31,8580355,93.69
2020-11-06,74.74,75.28,73.72,74.64,8094517,92.85
2020-11-09,76.96,77.94,76.1,76.46,12271595,95.12
2020-11-10,77.18,79.69,76.87,79.48,13538039,98.87
2020-11-11,79.7,80.28,78.59,78.9,10029268,98.15
2020-11-12,78.38,78.57,77.4,78.46,8693471,97.6
2020-11-13,78.31,80.03,78.3,79.62,7928107,99.04
2020-11-16,80.29,80.82,79.04,79.07,9987608,98.36
2020-11-17,79.88,80.6,79.37,79.75,13184408,99.21
2020-11-18,80.39,80.62,79.33,79.36,9704529,98.72
2020-11-19,79.39,80.51,79.25,80.12,8724562,99.67
2020-11-20,80.35,81.86,79.28,81.06,10505476,100.84
2020-11-23,81.95,82.61,81.24,82.14,8281552,102.18
2020-11-24,82.7,84.26,82.46,83.57,10710734,103.96
2020-11-25,83.46,83.97,83.11,83.76,7499632,104.2
2020-11-27,84.39,85.05,83.84,84.32,4757411,104.89
2020-11-30,84.5,84.74,83.32,84.07,29848441,104.58
2020-12-01,84.49,85.52,83.63,83.63,8977896,104.04
2020-12-02,83.6,84.71,83.06,84.4,6161629,104.99
2020-12-03,84.41,84.97,83.84,84.2,5293350,104.74
2020-12-04,84.42,86.26,84.42,86.24,8255971,107.28
2020-12-07,86.05,86.18,84.37,85.08,7979787,105.84
2020-12-08,84.97,87.1,84.89,86.57,7369553,107.69
2020-12-09,86.74,87.74,86.52,87.36,8486080,108.67
2020-12-10,87.67,87.68,85.75,86.41,6931793,107.49
2020-12-11,85.93,86.35,84.87,85.48,5855717,106.34
2020-12-14,86.36,86.87,83.68,83.76,9569591,104.2
2020-12-15,84.76,84.77,82.25,82.65,13402278,102.82
2020-12-16,82.4,84.74,81.92,84.12,10409619,104.64
2020-12-17,84.29,84.81,83.69,84.32,7390707,104.89
2020-12-18,84.43,84.45,82.96,83.96,18658042,104.45
2020-12-21,82.61,83.54,81.63,83.37,7528101,103.71
2020-12-22,83.13,83.2,82,82.64,4470484,102.8
2020-12-23,82.85,83.54,82.73,83.02,4283636,103.28
2020-12-24,82.89,83.11,82.48,83.01,1566097,103.26
2020-12-28,83.32,83.5,82.57,83.16,4618419,103.45
2020-12-29,83.56,84.7,83.56,84.17,5720464,104.7
2020-12-30,84.5,85.39,84.49,84.62,6002689,105.27
2020-12-31,84.64,86.24,84.29,86.13,7072732,107.15
2021-01-04,86.15,86.3,83.49,84.74,10912525,105.41
2021-01-05,84.74,86.03,84.11,85.61,7664232,106.5
2021-01-06,83.98,86.17,83.75,84.87,12524780,105.58
2021-01-07,85.3,86.07,84.86,85.78,9223213,106.71
2021-01-08,85.89,86.44,85.02,86.23,6326346,107.27
2021-01-11,86.07,88.07,86.07,87.64,7195127,109.02
2021-01-12,87.8,89.05,87.72,88.25,6848662,109.78
2021-01-13,88.27,91.17,88.18,90.4,10945193,112.45
2021-01-14,89.66,91.65,89.05,90.79,8986666,111.63
2021-01-15,90.44,90.73,89.04,89.88,10062044,110.52
2021-01-19,90.48,91.34,89.67,91.23,8685385,112.18
2021-01-20,91.83,91.98,90.66,91.59,7333859,112.62
2021-01-21,91.62,91.7,90.08,90.48,6605217,111.26
2021-01-22,89.99,90.76,89.04,90.16,6151969,110.86
2021-01-25,89.19,90.46,88.82,89.87,7728812,110.5
2021-01-26,90.52,90.52,88.29,88.48,6131525,108.8
2021-01-27,86.43,86.78,83.43,83.6,12710121,102.79
2021-01-28,84.58,85.51,83.86,84.75,9569350,104.21
2021-01-29,84.58,84.98,82.8,83.34,11548368,102.48
2021-02-01,83.77,84.49,82.84,83.2,8112413,102.3
2021-02-02,83.67,84.83,83.36,84.15,11446309,103.47
2021-02-03,86.37,87.48,84.59,86.98,13186019,106.95
2021-02-04,86.91,88.55,85.6,88.26,10075157,108.53
2021-02-05,89.16,89.68,88.19,88.43,8579472,108.73
2021-02-08,88.55,88.63,86.05,86.89,10160908,106.84
2021-02-09,86.21,86.61,85.48,85.72,5925079,105.4
2021-02-10,86.19,86.31,84.35,84.62,8425474,104.05
2021-02-11,85.04,85.13,84.03,84.38,5480140,103.75
2021-02-12,84.39,85.04,83.89,84.94,4358965,104.44
2021-02-16,85.66,86.36,84.6,84.74,6067144,104.2
2021-02-17,85.2,86.82,84.7,86.44,7445753,106.29
2021-02-18,85.65,86.7,85.56,86.26,5848970,106.06
2021-02-19,86.39,86.78,85.32,85.4,7417443,105.01
2021-02-22,85.12,87.57,84.77,87.07,11569147,107.06
2021-02-23,87,87.51,86.17,86.43,7628744,106.27
2021-02-24,85.88,89,85.88,88.39,8358383,108.69
2021-02-25,88.22,88.89,87.07,87.29,6878240,107.33
2021-02-26,87.57,88.31,85.69,87.62,10675586,107.74
2021-03-01,88.26,88.82,87.89,88.17,5292806,108.41
2021-03-02,88.52,88.96,87.68,87.71,6279269,107.85
2021-03-03,86.91,87.13,85.77,86.78,8286077,106.71
2021-03-04,86.61,87.63,85.35,85.92,8445269,105.65
2021-03-05,86.22,87.01,84.64,86.78,8099401,106.7
2021-03-08,86.9,87.96,86.05,86.3,6906723,106.11
2021-03-09,86.6,88.39,86.56,86.85,7803462,106.79
2021-03-10,87.34,88.13,87.06,87.83,6645772,108
2021-03-11,87.94,88.35,87.3,87.73,5192942,107.87
2021-03-12,87.67,88.31,87.32,88.01,6854248,108.22
2021-03-15,88.4,89.75,88.13,89.67,7341003,110.26
2021-03-16,89.42,90.34,89.38,90.14,6296537,110.84
2021-03-17,84.39,85.47,83.6,85.43,20816770,105.04
2021-03-18,84.58,85.39,84.11,84.39,9581333,103.77
2021-03-19,84.52,84.93,83.7,84.11,13448173,103.42
2021-03-22,84.17,86.53,83.67,86.13,8549651,105.9
2021-03-23,85.69,86.16,85,85.26,6714256,104.84
2021-03-24,85.25,85.66,83.81,83.82,11273981,103.06
2021-03-25,83.69,84.7,82.99,84.48,7068698,103.88
2021-03-26,84.47,86.3,84.45,86.19,7489961,105.98
2021-03-29,86.01,87.02,85.79,86.8,6192808,106.73
2021-03-30,86.91,87.04,86.1,86.85,6262409,106.79
2021-03-31,86.9,88.79,86.86,88.01,10666849,108.22
2021-04-01,88.58,88.63,87.28,88.26,5628686,108.52
2021-04-05,88.71,88.71,85.72,86.32,11781324,106.14
2021-04-06,86.09,86.43,85.3,85.7,9760550,105.38
2021-04-07,85.82,86.31,84.72,85.56,8825408,105.21
2021-04-08,85.72,86.96,85.68,86.29,7074104,106.1
2021-04-09,86.52,87.61,86.25,87.46,7339570,107.54
2021-04-12,87.69,88.3,87.31,88.04,6253270,108.25
2021-04-13,87.86,88.12,87.04,88.01,6810746,108.22
2021-04-14,87.44,87.81,86.91,87.17,9482765,105.9
2021-04-15,87.25,88.04,86.94,87.99,6555548,106.89
2021-04-16,88.48,89.35,88.19,88.83,8994544,107.91
2021-04-19,88.88,89.4,88.88,89.4,802618,108.61
2021-04-20,89,90.19,88.94,89.75,6261227,109.03
2021-04-21,90.38,91.73,90.01,91.21,6899731,110.8
2021-04-22,91.08,91.45,90.23,90.59,5542168,110.05
2021-04-23,90.31,92,90.18,91.68,5281016,111.38
2021-04-26,91.83,92.23,91.25,91.69,5998004,111.39
2021-04-27,91.58,92.07,91.03,91.73,4178763,111.44
2021-04-28,91.93,92.66,91.63,92.14,5741735,111.93
2021-04-29,92.51,92.7,90.82,91.28,7590838,110.89
2021-04-30,91.76,92.45,90.64,91.78,12788057,111.5
2021-05-03,92.52,94.75,91.86,94.4,9964963,114.68
2021-05-04,94.35,95.44,93.06,93.76,8876560,113.9
2021-05-05,94.1,95.72,93.8,95.31,8019310,115.78
2021-05-06,94.66,95.64,93.97,95.55,6602925,116.08
2021-05-07,95.8,96.25,94.63,95.28,7727305,115.75
2021-05-10,95.8,96.47,95.46,95.67,8301642,116.22
2021-05-11,95.06,95.96,94.15,94.57,6373998,114.89
2021-05-12,94.54,95.49,94.2,94.63,6990466,114.96
2021-05-13,95.12,96.47,94.67,95.98,7271179,116.6
2021-05-14,96.61,96.8,95.8,95.84,6822045,116.43
2021-05-17,96.12,96.89,95.95,96.22,9917048,116.89
2021-05-18,95.58,97.05,94.93,96.48,14054523,117.21
2021-05-19,95.87,95.9,94.15,95.36,10920145,115.85
2021-05-20,94.94,96.59,94.76,96.4,9502982,117.11
2021-05-21,96.74,97.36,95.54,95.59,9088021,116.12
2021-05-24,95.97,96.15,95.15,95.41,8072540,115.91
2021-05-25,95.46,95.49,94,94.3,10769851,114.56
2021-05-26,94.28,94.45,93.65,94.42,9579208,114.7
2021-05-27,94.76,94.83,92.21,92.46,44845439,112.32
2021-05-28,93.29,94.24,92.9,93.18,11584991,113.2
2021-06-01,93.59,93.83,92.23,92.37,10982854,112.21
2021-06-02,92.53,92.74,91.25,91.7,13274824,111.4
2021-06-03,91.47,92.53,91.08,92.37,9794925,112.21
2021-06-04,92.52,93.11,92.33,92.49,7053323,112.36
2021-06-07,92.78,93.93,92.47,93.03,9012158,113.01
2021-06-08,92.75,93.09,92.05,92.47,6677145,112.34
2021-06-09,92.92,94.19,92.8,93.84,8295245,114
2021-06-10,94.14,96.3,93.96,95.68,10631685,116.24
2021-06-11,95.68,95.78,94.56,95.01,7195719,115.42
2021-06-14,94.72,95.06,93.99,94.99,5395929,115.4
2021-06-15,94.96,95.44,94.27,95.35,4199576,115.83
2021-06-16,95.67,95.92,94.8,95.1,8004995,115.53
2021-06-17,94.65,95.4,93.87,94.58,4827882,114.9
2021-06-18,93.54,94.01,93.06,93.12,10594384,113.12
2021-06-21,93.59,94.87,92.83,94.44,5443639,114.73
2021-06-22,94.24,94.9,93.74,94.42,5096560,114.7
2021-06-23,94.29,94.68,93.8,93.84,4436018,114
2021-06-24,94.19,95.64,94.05,94.45,8495948,114.74
2021-06-25,92.94,93.5,92.31,93,14288423,112.98
2021-06-28,93.23,93.93,92.89,93.02,5884758,113
2021-06-29,92.73,92.81,91.87,92.44,6351111,112.3
2021-06-30,92.37,92.95,91.89,92.72,6038944,112.64
2021-07-01,92.98,94.29,92.93,94.05,6190223,114.26
2021-07-02,94.27,95.07,93.75,94.8,6925430,115.17
2021-07-06,94.8,95.4,94.47,95.26,8687289,115.73
2021-07-07,95.41,96.29,94.92,96.1,8016657,116.75
2021-07-08,95.29,96.15,95.22,95.78,4547940,116.35
2021-07-09,95.73,96.58,95.58,95.96,5395307,116.58
2021-07-12,96.15,97.42,96,96.83,8942209,117.63
2021-07-13,96.8,97.21,96.05,97.06,7367654,117.91
2021-07-14,97.28,97.84,96.88,97.68,7548119,117.36
2021-07-15,97.23,97.79,96.34,97.53,5153519,117.18
2021-07-16,98.14,98.49,97.32,97.8,7978998,117.5
2021-07-19,97.11,97.38,94.67,96.07,7608895,115.42
2021-07-20,96.18,97.99,96.1,96.59,6479837,116.05
2021-07-21,97.08,97.44,96.38,97.38,4691392,116.99
2021-07-22,97.08,98.14,96.88,97.83,6586421,117.54
2021-07-23,98.2,98.77,97.86,98.37,4873671,118.19
2021-07-26,98.32,98.61,97.61,98.04,4502415,117.79
2021-07-27,98.04,98.47,97.18,98.18,4322329,117.96
2021-07-28,97.91,98.99,97.63,98.67,6303611,118.55
2021-07-29,99.07,99.16,98.34,98.94,5022983,118.87
2021-07-30,99.05,99.17,96.65,96.8,10530636,116.3
2021-08-02,97.29,97.58,96.06,96.09,10844777,115.45
2021-08-03,96.28,96.81,95.63,96.76,6506654,116.25
2021-08-04,96.37,96.98,95.64,95.79,5100560,115.08
2021-08-05,95.83,96.19,95.26,95.82,5663537,115.12
2021-08-06,95.94,96.18,95.24,95.26,6104429,114.45
2021-08-09,95.37,95.88,94.67,94.94,5768718,114.06
2021-08-10,95.05,95.74,93.99,95.57,5580285,114.82
2021-08-11,95.85,96,94.51,94.65,7428803,113.72
2021-08-12,94.85,96.33,94.81,96.25,5378692,115.64
2021-08-13,96.4,97.18,96.3,96.95,5040098,116.48
2021-08-16,97.38,98.73,97.14,98.56,8741402,118.41
2021-08-17,98.28,99.66,98.22,99.6,7243262,119.66
2021-08-18,99.19,99.81,97.53,97.63,6164128,117.29
2021-08-19,96.73,99.02,96.73,98.16,6834800,117.93
2021-08-20,98.3,99.44,97.92,98.9,4639760,118.82
2021-08-23,99.71,100.26,99.23,99.35,5279399,119.36
2021-08-24,99.65,99.65,98.57,99.61,4321509,119.68
2021-08-25,99.76,101.05,98.94,100.21,5667546,120.4
2021-08-26,100.6,100.92,100.01,100.21,5390854,120.4
2021-08-27,100.16,100.41,99.4,99.53,4846924,119.58
2021-08-30,99.75,100.63,99.5,100.36,3638490,120.57
2021-08-31,100.57,100.85,99.9,100.53,7177189,120.78
2021-09-01,100.71,101.15,88.31,93.45,52238781,112.27
2021-09-02,94.51,94.67,92.24,93.24,16141321,112.02
2021-09-03,92.54,93.28,92.41,92.91,5792462,111.62
2021-09-07,91.93,92.86,90.16,90.75,13450239,109.03
2021-09-08,89.94,92.31,89.66,91.86,11461768,110.36
2021-09-09,91.09,91.34,89.23,89.29,10921134,107.27
2021-09-10,89.46,90.16,88.53,88.79,8278207,106.68
2021-09-13,89.39,90.53,88.9,89.46,8611933,107.48
2021-09-14,89.88,89.95,88.44,88.63,6641830,106.48
2021-09-15,88.72,90.56,88.25,89.7,8267134,107.77
2021-09-16,90.09,90.52,88.67,89.96,6458007,108.08
2021-09-17,89.48,90.1,89.15,89.67,20114085,107.73
2021-09-20,88.31,89.47,87.86,88.56,7869991,106.4
2021-09-21,88.44,89.4,88.39,89.19,7495050,107.15
2021-09-22,89.07,89.54,88.17,88.57,6922923,106.41
2021-09-23,89.05,90.12,88.77,89.36,6448966,107.36
2021-09-24,88.95,89.93,88.59,89.12,6515877,107.07
2021-09-27,89.17,90.43,89.08,89.66,6127623,107.72
2021-09-28,89.58,90.41,89.09,89.34,7093150,107.34
2021-09-29,89.77,91.21,89.46,90.59,6860366,108.84
2021-09-30,90.89,91.91,89.71,89.78,9018350,107.87
2021-10-01,90.1,91.3,88.95,90.8,9716428,109.09
2021-10-04,90.59,91.72,89.63,90.5,10672778,108.73
2021-10-05,91.05,92.04,90.81,91.15,7951200,109.51
2021-10-06,90.97,91.28,90.02,90.99,6931896,109.32
2021-10-07,91.37,93.05,91.19,92.28,8363296,110.87
2021-10-08,92.43,93.01,92.09,92.54,5464909,111.18
2021-10-11,92.51,92.72,91.79,91.84,4977029,110.34
2021-10-12,91.66,91.77,90.03,90.37,7153604,108.57
2021-10-13,90.38,90.75,89.89,90.33,6316784,108.53
2021-10-14,90.95,91.82,90.81,91.75,8363455,108.91
2021-10-15,91.95,92.64,91.89,92.1,5740041,109.33
2021-10-18,91.82,91.82,90.22,90.5,8845008,107.43
2021-10-19,90.77,91.04,90.02,90.52,5217219,107.45
2021-10-20,90.56,91.92,90.56,91.33,6178788,108.41
2021-10-21,91.33,91.78,90.27,91.62,5276725,108.76
2021-10-22,91.55,92.01,91.24,91.94,5168634,109.14
2021-10-25,91.89,91.94,90.77,91.4,6378450,108.5
2021-10-26,91.66,92.31,91.15,92.24,5635927,109.49
2021-10-27,92.31,92.43,91.13,91.32,5685241,108.4
2021-10-28,91.31,92.58,91.15,92.39,5838036,109.67
2021-10-29,94.43,96.81,93.86,96.6,18595756,114.67
2021-11-01,97.09,97.49,95.67,96.72,8513758,114.81
2021-11-02,97.09,99.15,97.01,98.17,11466441,116.53
2021-11-03,98.17,99.08,97.92,99.04,7448278,117.57
2021-11-04,99.04,99.17,98,98.61,5674855,117.06
2021-11-05,98.34,98.83,97.3,98.72,5200472,117.18
2021-11-08,98.73,98.94,97.54,97.77,8080073,116.06
2021-11-09,97.92,98.22,97.22,97.39,3775318,115.61
2021-11-10,97.22,98.65,97.21,98.35,5570306,116.75
2021-11-11,98.51,98.98,97.97,98.25,3479221,116.63
2021-11-12,98.9,98.9,98.08,98.54,3218567,116.97
2021-11-15,98.52,99.24,97.91,98.43,4722876,116.84
2021-11-16,98.24,98.96,98.01,98.08,4082521,116.42
2021-11-17,98.23,99.09,97.93,98.86,4927106,117.35
2021-11-18,98.91,99.72,98.26,98.62,3807040,117.07
2021-11-19,99.1,99.24,97.6,97.92,7848410,116.24
2021-11-22,97.68,98.85,96.89,97.43,4828832,115.65
2021-11-23,98.19,100.53,97.85,100.15,9960068,118.88
2021-11-24,99.98,100.45,99.47,99.96,6470870,118.66
2021-11-26,99.08,99.5,97.58,98.15,5601615,116.51
2021-11-29,98.42,99.34,98.21,98.47,5160061,116.89
2021-11-30,98.29,98.39,96.96,97.12,10266069,115.28
2021-12-01,97.54,100.23,97.39,97.65,7100595,115.91
2021-12-02,97.93,99.07,97.39,98.45,5703767,116.87
2021-12-03,99.19,100.25,98.56,100.12,7150693,118.85
2021-12-06,100.78,103.16,100.43,102.23,9930349,121.35
2021-12-07,102.76,102.89,101.93,102.36,7301263,121.51
2021-12-08,102.74,103.15,101.72,102.67,6157105,121.87
2021-12-09,102.95,104.85,102.86,104.59,9063438,124.15
2021-12-10,104.22,106.15,104.22,105.7,7975116,125.47
2021-12-13,105.47,107.61,105.47,106.58,9235445,126.51
2021-12-14,105.89,107.7,105.62,107.23,7479609,127.29
2021-12-15,108.04,110.17,107.49,109.71,10714059,130.23
2021-12-16,109.6,112.28,109.44,111.02,11006753,131.78
2021-12-17,110.22,110.38,108.99,109.12,16323385,129.53
2021-12-20,108.26,110.69,108.02,110.24,8294254,130.86
2021-12-21,110.55,110.65,108.8,109.47,6807627,129.95
2021-12-22,109.44,111.69,109.33,111.24,8019785,132.05
2021-12-23,111.48,112.69,111.34,112.12,7144360,133.09
2021-12-27,112.2,113.29,112.18,113.23,4955172,134.41
2021-12-28,113.35,113.95,112.67,113.21,4628381,134.39
2021-12-29,113.4,114.46,112.95,114.03,6237699,135.36
2021-12-30,114.36,115.27,114.26,114.51,6840995,135.93
2021-12-31,114.6,114.75,113.98,114.07,4968692,135.4
2022-01-03,114.07,114.32,112.47,114.08,7692127,135.42
2022-01-04,114.01,114.76,113.21,113.86,7142389,135.16
2022-01-05,113.73,116.38,113.73,114.46,9179431,135.87
2022-01-06,114.91,115.13,113.86,113.92,5340018,135.23
2022-01-07,113.94,114.43,113,113.63,9709511,134.88
2022-01-10,113.8,115.32,113.37,114.9,11341385,136.39
2022-01-11,114.44,115.49,113.56,115.39,7821237,136.97
2022-01-12,115.01,115.74,114.6,115.66,7560503,137.29
2022-01-13,114.91,115.01,113.12,113.65,10032470,133.52
2022-01-14,113.5,115.8,112.6,115.65,11283719,135.87
2022-01-18,115.34,117.44,115.15,116.42,13415305,136.78
2022-01-19,116.11,117.04,114.77,115.09,7257274,135.21
2022-01-20,114.48,114.74,112.99,113.23,7500286,133.03
2022-01-21,113.26,114.27,112.07,112.34,9025515,131.98
2022-01-24,113.05,113.42,111.82,112.49,5827072,132.16
2022-01-25,111.92,114.33,111.32,113.28,11816887,133.09
2022-01-26,113.45,115.32,113.06,114.25,9095190,134.23
2022-01-27,115.33,117.72,115.21,115.73,9832394,135.97
2022-01-28,115.75,117.44,114.57,117.39,9145680,137.92
2022-01-31,116.46,116.76,115.44,116.52,13207567,136.89
2022-02-01,116.93,117.33,115.79,116.61,8322202,137
2022-02-02,115.26,118.66,113.25,117.99,12266603,138.62
2022-02-03,118.74,120.62,118.35,119.79,11166341,140.73
2022-02-04,119.29,121.55,118.51,119.72,7696138,140.65
2022-02-07,120.16,121.73,119.45,121.32,11261862,142.53
2022-02-08,120.89,122.23,120.23,122.15,8434005,143.51
2022-02-09,122.55,122.55,121.58,121.89,6824675,143.2
2022-02-10,121.85,122.93,121.13,121.47,7983608,142.71
2022-02-11,121.6,122.24,120.47,120.88,7414760,142.01
2022-02-14,120.68,121.88,118.69,121.72,11723237,143
2022-02-15,122.02,123.81,121.89,123.22,10437292,144.76
2022-02-16,123.2,125.31,122.71,124.16,9008438,145.87
2022-02-17,123.25,123.82,122.21,123.39,6185143,144.97
2022-02-18,123.16,124.04,122.03,122.59,9661535,144.03
2022-02-22,120.23,124.57,120.23,123.9,12794344,145.56
2022-02-23,124.46,126.27,123.73,124.92,10299464,146.76
2022-02-24,122.24,124.02,122.12,123.65,14722978,145.27
2022-02-25,124.38,127.98,124.31,127.28,9038897,149.54
2022-02-28,124.82,126.04,124.07,125.78,12659716,147.77
2022-03-01,125.69,127.25,124.45,125.71,8568718,147.69
2022-03-02,125.72,128.74,125.31,127.31,9115597,149.57
2022-03-03,127.51,128.35,126.69,128.02,5937685,150.41
2022-03-04,126.48,128.25,126.06,128.15,6107526,150.56
2022-03-07,126.82,128.31,126.14,127.21,8050884,149.45
2022-03-08,126.82,126.82,125.25,125.25,1160508,147.15
2022-03-09,126.19,127.77,125.77,126.69,6232253,148.84
2022-03-10,126.03,127.46,125.72,126.97,5438361,149.17
2022-03-11,127.11,128.02,126.81,126.88,6063820,149.06
2022-03-14,128.3,130.2,126.84,129.46,9629265,152.1
2022-03-15,129.6,133.14,129.51,132.68,9457632,155.88
2022-03-16,133.21,133.48,130.67,132.83,8078966,156.05
2022-03-17,133.78,135,132.96,134.99,8132141,158.59
2022-03-18,134.49,135.71,133.75,135.51,13927525,159.2
2022-03-21,136.15,137,135.33,136.23,6715828,160.05
2022-03-22,136.23,136.44,134.5,136.2,6763131,160.01
2022-03-23,136.2,137.19,134.79,134.84,7286316,158.42
2022-03-24,135.52,136.81,135.21,136.43,5269986,160.28
2022-03-25,136.66,137.87,136.38,137.32,5680717,161.33
2022-03-28,136.71,137.92,135.79,137.86,5816997,161.97
2022-03-29,138.73,138.98,137.29,138.04,6993393,162.18
2022-03-30,137.65,139.89,137.65,139.38,7074285,163.75
2022-03-31,138.68,140.15,137.97,137.98,10382279,162.11
2022-04-01,138.02,138.8,136.27,138.47,6555111,162.68
2022-04-04,138.32,139.45,137.43,137.8,7876349,161.89
2022-04-05,137.8,141.26,137.75,139.11,7706084,163.43
2022-04-06,140.01,144.08,139.42,143.77,9966152,168.91
2022-04-07,142.72,148.61,142.61,147.49,8228542,173.28
2022-04-08,147.25,149.73,146.83,148.92,8013844,174.96
2022-04-11,148.87,148.99,144.12,144.55,8876367,169.83
2022-04-12,144.11,145.18,141.47,142.41,9138440,167.31
2022-04-13,141.64,141.64,134.29,136.44,20613945,158.95
2022-04-14,135.5,140.67,134.62,139.33,13224379,162.31
2022-04-18,139.03,139.74,136.27,136.8,7331186,159.36
2022-04-19,137.69,137.77,131.95,134.21,10391218,156.35
2022-04-20,134.22,135.71,133.5,134.51,6961247,156.7
2022-04-21,134.77,137.67,133.35,136.07,9182374,158.52
2022-04-22,135.01,135.9,132.49,133.04,8921958,154.99
2022-04-25,132.92,134.46,131.2,134.17,8259149,156.3
2022-04-26,134.29,137.08,133.76,134.07,7864809,156.18
2022-04-27,134.39,136.92,132.68,135.3,6752820,157.62
2022-04-28,135.94,136.01,132.48,134.18,8177326,156.31
2022-04-29,128.38,128.64,120.12,126.08,29313755,146.88
2022-05-02,125.89,127.82,123.13,126.93,10659315,147.87
2022-05-03,127.09,129.4,127,128.42,7030352,149.6
2022-05-04,127.2,130.8,126.69,130.13,6618298,151.59
2022-05-05,131.14,131.61,128.8,130.63,7691810,152.18
2022-05-06,128.49,131.78,127.92,131.19,6943105,152.83
2022-05-09,130.15,131.8,127.85,129.59,7920115,150.96
2022-05-10,129.85,132.65,129.2,130.56,7453934,152.09
2022-05-11,129.64,132.85,129.57,130.44,6212825,151.96
2022-05-12,131.66,132.5,128.89,132.44,8185620,154.29
2022-05-13,131.7,132.53,130.39,131.77,7458695,153.5
2022-05-16,132.13,134.68,131.57,133.46,7295848,155.47
2022-05-17,133.38,133.73,131.21,132.86,6717885,154.78
2022-05-18,132.87,133.65,130.26,130.85,7392429,152.43
2022-05-19,129.79,130.82,128.14,130.24,6576693,151.72
2022-05-20,130.76,131.78,126.88,129.63,7827455,151.01
2022-05-23,130.18,130.48,126.35,127.07,7863345,148.03
2022-05-24,126.21,129.92,125.85,128,7229271,149.11
2022-05-25,129.07,131.33,128.58,130.44,5893403,151.96
2022-05-26,130.16,131.39,129.1,129.25,8415598,150.57
2022-05-27,128.35,128.8,126.83,128.76,10391582,150
2022-05-31,127.59,127.8,125.9,126.5,15310908,147.37
2022-06-01,126.86,126.95,123.89,125.34,6321321,146.02
2022-06-02,125.89,126.25,122.67,125.97,6701707,146.75
2022-06-03,125.97,127.22,125.97,126.33,5393670,147.17
2022-06-06,126.19,126.89,125.04,125.78,4559844,146.53
2022-06-07,126.12,128.2,125.21,128.02,5854208,149.14
2022-06-08,127.82,128.63,127.25,128.12,5463993,149.25
2022-06-09,128.52,129.21,124.73,124.84,6385361,145.43
2022-06-10,123.9,124.15,122.02,122.92,6493287,143.2
2022-06-13,120.92,121.95,119.13,119.68,6908287,139.42
2022-06-14,119.7,120.74,117.02,118.13,6832824,137.62
2022-06-15,117.23,119.4,116.94,118.54,7452524,138.09
2022-06-16,117.21,119.57,116.54,119.45,7917216,139.15
2022-06-17,118.12,119.77,117.76,118.7,14372249,138.28
2022-06-21,120.13,123.58,119.92,123.16,8817276,143.47
2022-06-22,123.37,128.85,123.28,126.67,9026627,147.56
2022-06-23,127.66,129.45,126.65,128.29,8624217,149.45
2022-06-24,129.53,131.11,128.43,130.77,10966113,152.34
2022-06-27,131.34,133.44,131.12,131.46,6237354,153.14
2022-06-28,131.48,133.15,129.95,130.9,6444434,152.49
2022-06-29,132.11,134.44,131.64,132.31,6792590,154.14
2022-06-30,131.48,132.23,129.51,131.47,8903751,153.16
2022-07-01,131.4,132.07,130.01,132.02,5299553,153.8
2022-07-05,130.39,132.24,128.47,132.13,6198566,153.93
2022-07-06,132.72,133.04,130.21,130.93,6039652,152.53
2022-07-07,128.93,130.98,128.77,130.48,7082484,152
2022-07-08,130.48,133.27,130.3,131.21,4583242,152.85
2022-07-11,130.72,132.62,130.72,131.53,4947202,153.23
2022-07-12,131.34,132.68,130.53,130.87,5990566,152.46
2022-07-13,130.48,132.05,129.88,130.61,5946483,152.15
2022-07-14,129,130.84,128.66,130.35,8232620,150.44
2022-07-15,131.56,133.31,131.2,133.1,5891922,153.62
2022-07-18,133.26,133.84,129,129.59,8127516,149.57
2022-07-19,129.97,130.16,128.93,129.74,6552117,149.74
2022-07-20,129.56,130.36,127.66,127.96,6443264,147.69
2022-07-21,127.57,128.09,126.52,128.02,4797919,147.75
2022-07-22,128.64,129.35,127.87,128.64,4401257,148.47
2022-07-25,128.7,130.78,128.67,130.16,4908417,150.22
2022-07-26,130.96,133.05,130.25,130.72,5661471,150.87
2022-07-27,129.53,131.27,129.04,130.96,4790324,151.15
2022-07-28,131.21,132.05,127.04,129.75,7264267,149.75
2022-07-29,126.01,126.76,120.48,124.34,20084079,143.51
2022-08-01,122.61,123.76,120.56,121.49,9527696,140.22
2022-08-02,122.32,123.76,121.39,121.64,5977136,140.39
2022-08-03,122.79,123.92,121.86,122.34,6195685,141.2
2022-08-04,123.11,123.54,120.17,120.37,8077459,138.92
2022-08-05,120.48,121.22,119.52,119.6,6315415,138.04
2022-08-08,119.6,121.99,119.37,121.6,5357177,140.34
2022-08-09,121.89,123.24,121.19,121.52,4436981,140.25
2022-08-10,122.09,122.22,120.43,122.12,4852929,140.94
2022-08-11,121.5,123.79,121.01,123.1,6580991,142.08
2022-08-12,122.94,123.98,121.54,123.55,6272810,142.6
2022-08-15,124,124.14,121.66,123.29,5154475,142.29
2022-08-16,123.13,124.75,123.1,123.51,4391318,142.55
2022-08-17,122.53,123.7,121.78,122.55,4190285,141.44
2022-08-18,122.59,122.67,121.15,122.42,4178065,141.29
2022-08-19,122.84,124.21,122.56,122.9,5450851,141.85
2022-08-22,123.01,123.61,121.27,121.6,4623032,140.34
2022-08-23,121,122.04,119.96,120.45,4333671,139.02
2022-08-24,120.48,120.83,119.31,119.49,6300375,137.91
2022-08-25,120.24,120.92,119.28,120.72,3798201,139.33
2022-08-26,120.34,121.17,118.05,118.14,4541638,136.35
2022-08-29,118.01,118.46,116.76,117.58,4373281,135.71
2022-08-30,117.09,118.26,116.87,117.45,4826828,135.55
2022-08-31,117.57,117.87,116.25,116.5,7035395,134.46
2022-09-01,116.66,120.08,116.19,119.96,5303550,138.45
2022-09-02,120.14,120.78,117.67,118.08,4216355,136.28
2022-09-06,118.96,120.74,118.04,119.21,5559919,137.59
2022-09-07,119.18,120.47,117.26,120.18,4721041,138.71
2022-09-08,120.99,121.79,120.13,121.75,4775029,140.52
2022-09-09,121.65,123.18,121.39,122.53,5453209,141.42
2022-09-12,122.18,123.79,121.58,123.24,5912492,142.24
2022-09-13,121.78,122.97,119.13,120.03,7182053,138.53
2022-09-14,120.58,121.68,119.8,120.91,5402708,139.55
2022-09-15,121.29,124.68,120.77,123.48,7270351,142.51
2022-09-16,124.25,125.5,122.48,124.82,19216353,144.06
2022-09-19,124.45,124.65,122.54,123.61,5656255,142.66
2022-09-20,122.88,123.46,121.62,122.83,5129705,141.77
2022-09-21,123.16,124.44,121.55,121.57,5679906,140.31
2022-09-22,121.48,125.17,121.3,123.91,6727711,143.01
2022-09-23,123.09,124.26,122.13,123.95,6525767,143.06
2022-09-26,123.1,123.73,121.4,122.35,6491591,141.21
2022-09-27,123.55,126.1,122.42,122.79,6410579,141.72
2022-09-28,124.96,125.91,123.57,125.29,6055034,144.6
2022-09-29,125.5,125.85,122.89,123.66,6246960,142.72
2022-09-30,123.21,123.32,116.18,116.28,17568027,134.21
2022-10-03,117.73,120.26,117.23,119.85,8699794,138.32
2022-10-04,120.62,123.66,119.36,123.03,7415576,141.99
2022-10-05,122.57,125.17,122.26,124.19,5431247,143.33
2022-10-06,123.72,123.89,121.21,121.55,5881493,140.29
2022-10-07,120.44,121.34,119.18,120.23,5524619,138.76
2022-10-10,120.46,120.94,118.59,119.84,4202565,138.31
2022-10-11,119.59,124.49,119.59,122.61,6297379,141.51
2022-10-12,122.72,123.95,121.24,121.28,5457112,139.98
2022-10-13,119.65,125.32,119.27,125.09,5823960,142.92
2022-10-14,124.81,126.46,124.47,125.11,5916211,142.94
2022-10-17,124.85,126.85,124.37,126.4,4675079,144.41
2022-10-18,127.11,127.67,125.63,126.56,4263887,144.6
2022-10-19,126.74,127.31,124.56,125.27,3928193,143.13
2022-10-20,125.3,126.07,124.66,125.1,4636691,142.93
2022-10-21,125.46,129.32,124.66,128.71,6624914,147.06
2022-10-24,130.16,132.63,130.15,132.07,5871405,150.89
2022-10-25,129.56,131.81,128.91,131.13,6033792,149.82
2022-10-26,132.17,133.82,131.9,133.48,5418838,152.51
2022-10-27,134.58,134.78,133.09,134.35,7751863,153.5
2022-10-28,127.73,130.4,124.58,129.2,11975135,147.61
2022-10-31,127.06,128.47,126.11,128.14,10346514,146.4
2022-11-01,128.36,129.27,126.52,128.58,7311174,146.91
2022-11-02,128.69,129.61,126.46,126.49,6278381,144.52
2022-11-03,126.04,127.28,125.19,126.4,4431664,144.42
2022-11-04,127.22,127.42,125.23,127.16,5305099,145.28
2022-11-07,127.16,130.24,126.65,129.62,4304139,148.1
2022-11-08,130.26,132.71,129.5,130,4637534,148.53
2022-11-09,130.05,131.79,128.7,129.2,4573740,147.62
2022-11-10,131.87,131.87,129.32,131.04,5607668,149.72
2022-11-11,130.89,131.74,127.56,131.43,6785081,150.16
2022-11-14,132.15,135.26,132.15,132.81,7077092,151.74
2022-11-15,134.26,134.28,131.25,133.95,5909485,153.04
2022-11-16,134.3,137.14,132.36,132.92,7358683,151.87
2022-11-17,132.14,133.98,131.26,133.18,5069501,152.16
2022-11-18,134.5,136.22,134.5,135.65,5691059,154.98
2022-11-21,136.01,138.84,135.17,137.51,6492325,157.11
2022-11-22,138.02,139.94,137.9,139.86,5351192,159.79
2022-11-23,140,140.86,139.01,139.51,3221178,159.39
2022-11-25,139.68,140.7,139.38,139.71,1661909,159.62
2022-11-28,140.04,140.68,138.14,138.67,3902961,158.43
2022-11-29,138.56,139.54,137.6,138.46,3688967,158.2
2022-11-30,138.98,141.07,136.94,141.07,12342536,161.18
2022-12-01,140.92,142.84,140.02,141.47,5827897,161.63
2022-12-02,140.67,143.33,140.49,143.24,4304923,163.66
2022-12-05,142.57,144.58,142.57,143.49,4859547,163.94
2022-12-06,143.57,143.88,141.4,143.3,5480495,163.72
2022-12-07,143.27,144.88,142.89,144.77,4637777,165.4
2022-12-08,144.77,145.49,143.79,145.28,4274507,165.99
2022-12-09,145.96,146.82,142.5,142.72,4644161,163.06
2022-12-12,142.85,144.85,142.45,144.7,4109432,165.32
2022-12-13,146.12,146.6,144.13,144.23,5050473,164.79
2022-12-14,144.07,145.27,142.52,144.29,4485377,164.86
2022-12-15,143.45,144.08,141.75,142.75,5268477,163.1
2022-12-16,141.83,142.95,140.46,140.46,18903968,160.48
2022-12-19,140.72,141.99,140.09,141.34,4033361,161.49
2022-12-20,141.45,141.66,140.1,140.55,4221227,160.58
2022-12-21,141.31,142.43,140.36,141.97,3707199,162.21
2022-12-22,141.68,143.01,141.38,142.9,3606176,163.27
2022-12-23,143.01,143.38,142.08,142.75,2684733,163.1
2022-12-27,143.1,143.38,141.6,142.66,2669310,162.99
2022-12-28,143.28,144.15,141.89,141.99,2944692,162.23
2022-12-29,142.63,143.44,141.96,142.28,3112642,162.56
2022-12-30,141.99,142.53,139.88,141.45,3679828,161.61
2023-01-03,141.83,142.68,140.75,142.12,4937722,162.38
2023-01-04,142.14,143.79,141.36,143.27,4440480,163.69
2023-01-05,142.74,143.97,142.09,143.1,3516002,163.49
2023-01-06,144.28,147.14,143.65,145.77,5098566,166.55
2023-01-09,145.2,145.54,140.81,141.49,7832955,161.66
2023-01-10,141.99,142.16,138.55,139.73,5936187,159.64
2023-01-11,139.36,139.46,135.72,137.56,7492023,157.17
2023-01-12,136.95,137.18,134.06,134.5,7665110,152.22
2023-01-13,134.38,135.9,133.72,135.72,6019294,153.6
2023-01-17,135.89,137.04,134.82,135.04,8507159,152.83
2023-01-18,134.41,134.67,131.71,131.83,6190824,149.2
2023-01-19,131.61,133.01,130.18,131.4,7170148,148.71
2023-01-20,132.03,132.28,130.02,132.17,7058594,149.59
2023-01-23,132.41,132.92,130.82,131.25,7616363,148.55
2023-01-24,130.84,131.53,129.39,130.49,5171361,147.69
2023-01-25,130.22,130.75,129.44,130.58,5744293,147.79
2023-01-26,130.7,131.39,129.98,130.24,4577825,147.4
2023-01-27,130.16,130.49,129.01,129.25,4590513,146.28
2023-01-30,128.89,129.99,128.35,128.69,4573369,145.65
2023-01-31,128.67,130.64,127.6,130.55,5628869,147.75
2023-02-01,129.56,130.27,128.34,129.53,5439922,146.6
2023-02-02,128.94,128.94,126.74,127.98,6160758,144.84
2023-02-03,128.93,129.71,127.85,128.29,6542083,145.2
2023-02-06,128.77,129.29,127.95,128.14,4296963,145.02
2023-02-07,127.75,128.53,126.93,128.24,5401859,145.14
2023-02-08,128.48,129.31,127.65,127.77,5753781,144.61
2023-02-09,131.21,135.81,130.68,131.39,12216912,148.7
2023-02-10,132.26,135.35,131.45,134.35,8954945,152.05
2023-02-13,134.32,135.88,133.65,135.83,5602677,153.73
2023-02-14,136,136.07,134.09,134.82,4662841,152.59
2023-02-15,134.85,135.62,133.27,133.47,5648431,151.06
2023-02-16,131.75,132.98,131.41,132.12,3757489,149.53
2023-02-17,131.78,133.76,131.31,133.69,4562274,151.31
2023-02-21,132.38,135.2,132.38,134.3,8466058,152
2023-02-22,133.42,134.44,132.75,133.13,6041747,150.67
2023-02-23,133.33,135.69,131.8,134.36,5993448,152.07
2023-02-24,133.68,135.17,133.34,134.93,5621063,152.71
2023-02-27,135.42,136.73,135.28,136.32,6828968,154.28
2023-02-28,136.03,136.4,134.85,135.98,7561840,153.9
2023-03-01,134.97,137.47,134.63,137.19,5485959,155.27
2023-03-02,137.16,137.63,136.26,136.41,4569616,154.38
2023-03-03,136.36,137.99,136.07,137.89,4851217,156.06
2023-03-06,137.65,138.24,136.55,137.2,4051860,155.28
2023-03-07,137.46,137.55,134.35,135.12,4606864,152.93
2023-03-08,135,135.84,131.25,132.18,5860279,149.6
2023-03-09,132.6,133.34,129.51,130.19,5350616,147.35
2023-03-10,130.63,133.1,130.3,132.28,6824612,149.71
2023-03-13,131.65,135.47,131.65,134.26,7653788,151.95
2023-03-14,134.26,136.06,133.83,135.94,6644091,153.85
2023-03-15,134.46,136.41,134.06,136.12,6304632,154.06
2023-03-16,135.36,137.77,134.75,137.22,6331262,155.3
2023-03-17,137.64,137.9,134.2,136.26,42755396,154.22
2023-03-20,136.53,138.14,136.48,137.94,4408449,156.12
2023-03-21,138.4,138.77,137.04,138.52,4675760,156.77
2023-03-22,137.55,138.61,135.73,135.78,4376890,153.67
2023-03-23,136.16,138.28,136.09,137.22,4584071,155.3
2023-03-24,137.2,140.03,136.59,139.62,4678683,158.02
2023-03-27,140.34,140.61,139.05,139.2,3887844,157.54
2023-03-28,139.43,140.13,139.12,139.83,3532488,158.25
2023-03-29,140.47,141.11,138.16,139.6,3959986,158
2023-03-30,139.61,140.07,139.09,139.53,3635850,157.92
2023-03-31,139.98,140.99,139.37,140.82,4956640,159.37
2023-04-03,139.83,141.79,139.42,141.74,4389371,160.42
2023-04-04,141.82,142.9,140.96,141.18,4224607,159.78
2023-04-05,141.37,142.85,140.5,142.08,5743036,160.8
2023-04-06,142.08,143.31,141.92,142.74,5498465,161.55
2023-04-10,142.88,143.19,141.56,142.5,3309544,161.28
2023-04-11,142.69,143.66,142.42,142.59,2875876,161.38
2023-04-12,143.24,144.45,142.79,143.46,4005041,162.36
2023-04-13,143.56,145.22,143.16,145.07,3868681,162.69
2023-04-14,145.03,145.35,143.5,144.09,3473079,161.59
2023-04-17,144.38,144.63,143.25,143.72,4354109,161.18
2023-04-18,143.56,143.77,141.25,142.31,4996418,159.59
2023-04-19,141.49,143.96,141.35,143.75,4826940,161.21
2023-04-20,143.72,144.25,143.19,144.22,3808233,161.74
2023-04-21,144.98,145.52,144.47,144.82,4812131,162.41
2023-04-24,144.96,146.56,144.75,146.31,4729221,164.08
2023-04-25,146.96,148.2,146.68,147.04,5506163,164.9
2023-04-26,145.06,145.58,143.12,144.28,5191976,161.8
2023-04-27,137.21,137.21,131.22,132.75,17063029,148.87
2023-04-28,131.95,134.99,131.47,134.75,7123743,151.12
2023-05-01,134.5,137.96,134.49,137.06,5601024,153.71
2023-05-02,136.92,138.23,134.83,135.2,5135645,151.62
2023-05-03,134.71,135.1,132.37,133.09,6815547,149.25
2023-05-04,132.86,132.86,130.5,131.4,5694328,147.36
2023-05-05,132.45,133.2,131.2,132,4447709,148.03
2023-05-08,132.11,132.15,130.85,131.48,3689670,147.45
2023-05-09,131.45,132.38,130.43,130.93,4201761,146.83
2023-05-10,130.65,131.06,129.43,130.56,4127299,146.42
2023-05-11,131.34,131.59,129.47,130.71,4300537,146.59
2023-05-12,130.89,131.62,130.25,131.21,3526115,147.15
2023-05-15,131.68,132.77,129.89,130.71,4391988,146.59
2023-05-16,130.06,131.03,127.72,127.77,4686169,143.29
2023-05-17,127.53,127.98,125.3,127.83,5482179,143.35
2023-05-18,127.17,128.01,126.6,127.91,4791232,143.44
2023-05-19,128.28,130.01,128.23,129.39,5609895,145.11
2023-05-22,129.72,130.78,128.21,129.21,3867314,144.9
2023-05-23,128.81,129.14,126.92,127.09,5121865,142.52
2023-05-24,127.15,127.46,125.68,125.86,4143510,141.15
2023-05-25,124.86,125.02,123.29,123.61,6986571,138.62
2023-05-26,123.7,124.7,122.25,122.66,7590305,137.56
2023-05-30,120.82,122.02,120.6,121.66,7671512,136.44
2023-05-31,121.82,123.69,121.06,123.02,12579059,137.96
2023-06-01,120.61,120.61,116.9,118.99,11895642,133.44
2023-06-02,119.23,122.14,119.04,122.05,6661613,136.87
2023-06-05,122.16,123.33,121.53,122.04,4694940,136.86
2023-06-06,122.58,122.64,120.05,120.76,4359935,135.43
2023-06-07,120.29,122.22,119.72,121.72,4645397,136.5
2023-06-08,122.16,122.96,121.27,122.73,4714347,137.64
2023-06-09,122.66,124.11,122.23,123.22,4359678,138.18
2023-06-12,124.46,124.54,122.08,122.81,4888614,137.73
2023-06-13,122.62,123.47,122.34,123.33,4229115,138.31
2023-06-14,123.78,124.19,121.34,121.48,6128323,136.23
2023-06-15,121.94,122.02,120.79,121.17,6614868,135.89
2023-06-16,121.9,123.88,121.7,123.63,14616005,138.64
2023-06-20,122.25,123.9,121.86,122.89,4868973,137.82
2023-06-21,121.94,122.55,120.09,122.04,5828445,136.86
2023-06-22,122.3,122.97,121.17,122.53,4827382,137.41
2023-06-23,122.43,123.67,120.98,121.2,7405100,135.92
2023-06-26,121.41,121.41,119.21,120.34,6468069,134.95
2023-06-27,120.27,120.27,118.17,118.24,7839935,132.6
2023-06-28,118.24,118.75,116.78,118.16,6911944,132.51
2023-06-29,118.03,119.41,117.82,118.8,4947634,133.23
2023-06-30,119.02,121.21,118.42,120.14,8568957,134.73
2023-07-03,119.49,120.76,118.73,120.39,2662246,135.01
2023-07-05,120.54,122.95,120.06,122.72,6903257,137.62
2023-07-06,122.59,123.3,121.66,122.39,6091195,137.25
2023-07-07,122.3,122.74,120.69,120.83,6873207,135.5
2023-07-10,120.75,121.35,119.54,119.92,5153335,134.49
2023-07-11,119.49,121.06,119.2,120.89,5146087,135.57
2023-07-12,121.11,121.81,120.19,120.36,4947788,134.98
2023-07-13,119.85,120.9,119.64,120.44,4631974,133.59
2023-07-14,121.47,123.17,120.92,122.62,5544139,136.01
2023-07-17,122.45,122.82,121.32,121.56,4033128,134.83
2023-07-18,121.53,124.33,121.45,123.14,5393008,136.58
2023-07-19,123.73,124.47,123.47,124.13,4784182,137.68
2023-07-20,125.18,128.67,124.91,128.2,7009951,142.19
2023-07-21,128.21,129.99,127.97,129.59,5654526,143.74
2023-07-24,129.02,130.22,128.78,129.09,4468731,143.18
2023-07-25,128.39,128.86,127.41,127.69,4806200,141.63
2023-07-26,127.51,128.28,126.69,127.94,5006797,141.9
2023-07-27,130.26,136.47,130.26,134.2,13664382,148.85
2023-07-28,135.17,136.82,133.94,136,8000590,150.85
2023-07-31,135.63,135.69,133.09,134.86,9111296,149.58
2023-08-01,135.24,136.02,133.29,133.92,4409840,148.54
2023-08-02,133.53,135.75,133.53,134.68,5756904,149.38
2023-08-03,134.3,134.66,133.6,134.38,4674396,149.05
2023-08-04,134.31,135.75,132.68,133.19,4231356,147.73
2023-08-07,133.43,136.03,133.25,135.54,3800777,150.33
2023-08-08,135.94,136.82,134.26,134.9,4013532,149.62
2023-08-09,135.68,137.1,135.16,135.93,3737350,150.77
2023-08-10,136.32,137.8,135.75,136.54,3275881,151.44
2023-08-11,137,138.39,136.79,137.2,3454835,152.18
2023-08-14,137.96,138.07,136.65,137.28,2570938,152.27
2023-08-15,136.65,137.85,135.95,137.15,3636399,152.12
2023-08-16,137.57,138.48,136.48,136.64,3214885,151.55
2023-08-17,136.28,136.96,135.17,135.26,5285683,150.02
2023-08-18,135.5,136.08,134.54,135.36,4050902,150.14
2023-08-21,134.98,135.55,134.23,135.38,3944924,150.16
2023-08-22,135.24,135.24,133.41,133.65,3209911,148.24
2023-08-23,134.04,134.34,131.58,132.61,5414796,147.08
2023-08-24,132.46,133.27,131.95,132.2,3986315,146.63
2023-08-25,132.55,133.13,131.81,132.25,3275301,146.69
2023-08-28,132.61,133.49,132.33,132.92,2807028,147.43
2023-08-29,133.43,134.26,132.08,133.07,3419294,147.59
2023-08-30,133.54,134.16,132.44,133.72,3486404,148.32
2023-08-31,133.79,134.08,132.42,132.5,4110698,146.96
2023-09-01,132.86,134.24,132.86,133.62,3357993,148.2
2023-09-05,133.89,134.3,131.51,131.72,3911259,146.1
2023-09-06,131.72,131.74,129.59,131.28,5304378,145.61
2023-09-07,131.77,134.34,131.51,134.26,5142244,148.91
2023-09-08,134.34,135.02,133.62,134.35,4339820,149.02
2023-09-11,134.21,134.7,133.81,134.37,2911624,149.04
2023-09-12,134.79,134.88,133.09,134.58,2424841,149.27
2023-09-13,134.72,137.4,134.38,136.28,5953686,151.16
2023-09-14,137.05,139.47,136.86,138.52,6337094,153.64
2023-09-15,137.74,139.48,136.98,137.15,8868283,152.12
2023-09-18,138.01,138.82,137.13,138.79,2967645,153.94
2023-09-19,138.75,139.42,136.68,138.38,3509956,153.49
2023-09-20,138.9,139.64,138.28,138.49,2744851,153.61
2023-09-21,138.56,139.61,137.64,138.33,3660361,153.43
2023-09-22,138.75,138.75,137.51,137.71,3049310,152.74
2023-09-25,137.44,139.51,136.73,139.43,3740017,154.65
2023-09-26,139.2,139.39,138.24,138.76,3936259,153.91
2023-09-27,138.7,138.84,136.69,138.06,3621424,153.13
2023-09-28,138.52,138.69,136.47,137.27,3697513,152.25
2023-09-29,137.46,137.52,134.18,134.39,5591028,149.06
2023-10-02,133.86,134.21,132.28,133.66,3828282,148.25
2023-10-03,133.28,133.43,131.05,132.92,4580886,147.43
2023-10-04,132.15,133.51,131.91,133.16,3300002,147.69
2023-10-05,133.37,134.81,132.61,132.94,3599473,147.45
2023-10-06,132.07,134.64,131.74,133.65,5370285,148.24
2023-10-09,133.68,135.01,132.68,134.44,2903357,149.11
2023-10-10,134.69,134.84,133.47,134.24,3728965,148.89
2023-10-11,134.45,135.6,134.13,134.64,3189788,149.34
2023-10-12,134.89,135.32,133.87,135.04,4554425,148.3
2023-10-13,135.64,136.28,134.17,134.73,4305141,147.96
2023-10-16,134.97,136.14,133.79,134.07,3704363,147.23
2023-10-17,134.16,136.28,134,135.84,5372412,149.18
2023-10-18,135.93,136.24,135.08,135.94,4910626,149.28
2023-10-19,135.27,135.27,130.52,132.51,6147209,145.52
2023-10-20,132.29,134.32,132.29,133.16,4223841,146.23
2023-10-23,133.09,133.33,131.31,131.79,3903413,144.73
2023-10-24,132.18,133.83,132.13,133.23,3362942,146.31
2023-10-25,133.05,133.77,131.87,132.28,5461505,145.26
2023-10-26,131.91,132.9,131.34,132.22,5569445,145.2
2023-10-27,126.37,130.22,123.87,126.51,9427213,138.93
2023-10-30,128.1,132.69,128.1,129.21,9258592,141.89
2023-10-31,129.39,129.51,127.19,128.56,10394047,141.18
2023-11-01,129.18,130.86,129.08,129.73,4207825,142.47
2023-11-02,128.68,130.92,127.95,130.45,4068575,143.26
2023-11-03,131.08,131.08,128.3,128.78,5514625,141.42
2023-11-06,129.21,129.64,128.38,128.58,4382448,141.2
2023-11-07,128.87,129.47,128,129.45,5024648,142.16
2023-11-08,130.62,131.02,129.23,129.33,5299325,142.03
2023-11-09,128.4,128.94,123.71,125.7,14970332,138.04
2023-11-10,126.26,126.9,124.21,126.2,4586713,138.59
2023-11-13,126.2,126.72,125.15,126.25,4454788,138.64
2023-11-14,126.51,127.58,125.63,125.72,4509185,138.06
2023-11-15,125.89,125.89,124.11,125.3,6473165,137.6
2023-11-16,125.92,126.41,124.8,125.92,5257174,138.28
2023-11-17,125.99,126.47,125.1,125.94,4332350,138.3
2023-11-20,125.24,126.29,124.88,125.95,4490105,138.31
2023-11-21,126.33,126.9,125.51,126.33,4690971,138.73
2023-11-22,126.63,127.34,125.96,126.09,3428672,138.47
2023-11-24,127.49,127.56,126.08,126.27,1636537,138.67
2023-11-27,126.3,126.92,125.47,126.66,5529375,139.09
2023-11-28,126.62,127.18,125.59,125.74,5347232,138.08
2023-11-29,125.68,126.66,125.35,126.12,3996605,138.5
2023-11-30,125.67,129.94,125.67,129.66,9297385,142.39
2023-12-01,129.8,131.22,129.56,130.59,4903433,143.41
2023-12-04,130.59,132.48,130.46,131.26,4845465,144.15
2023-12-05,131.23,132.11,129.91,131.65,3961719,144.57
2023-12-06,131.85,133.92,131.79,133.3,4978839,146.38
2023-12-07,134.44,135.12,132.22,134.74,7225141,147.97
2023-12-08,134.83,136.66,134.77,135.94,5695196,149.28
2023-12-11,137.2,139.06,137.17,137.72,6343530,151.24
2023-12-12,138.17,139.86,136.74,139.54,5882226,153.24
2023-12-13,139.31,140.94,139.08,140.51,8104528,154.3
2023-12-14,140.56,141.29,139.1,141.04,7870018,154.88
2023-12-15,140.91,141.96,139.42,140.27,15203070,154.04
2023-12-18,139.32,140.56,138.19,139.71,5379553,153.42
2023-12-19,139.86,140.67,138.82,139.87,5476837,153.6
2023-12-20,140.23,140.43,137.99,138.13,4716407,151.69
2023-12-21,138.46,139.24,137.77,138.95,4036192,152.59
2023-12-22,139.59,141.56,139.4,141.09,3373413,154.94
2023-12-26,140.46,141.4,140.35,140.8,2073611,154.62
2023-12-27,140.28,141.12,139.98,141.04,3747362,154.88
2023-12-28,141.37,141.72,140.73,140.92,2601447,154.75
2023-12-29,140.73,141.34,140.61,141.12,3712029,154.97
2024-01-02,141.05,145.83,140.94,145.53,8059876,159.82
2024-01-03,146.24,147.29,145.55,146.12,5301350,160.46
2024-01-04,145.98,147.78,145.18,147.03,8332192,161.46
2024-01-05,146.91,148.46,146.25,147.65,4853039,162.14
2024-01-08,147.68,148.22,145.5,147,6001709,161.43
2024-01-09,147,148.86,146.46,147.8,4454130,162.31
2024-01-10,147.76,150.32,147.41,150.15,6609876,164.89
2024-01-11,149.57,150.36,148.51,149.14,4591523,163.78
2024-01-12,149.62,150.12,149.09,149.3,4971442,162.4
2024-01-16,148.91,149.2,148.03,148.45,4747730,161.48
2024-01-17,148.7,149.8,148.49,148.97,4423158,162.04
2024-01-18,148.16,150.45,148.01,150.12,5074330,163.3
2024-01-19,150.68,151.57,149.48,151.47,5863150,164.77
2024-01-22,151.17,152.1,150.55,152.04,4864044,165.39
2024-01-23,151.18,154.01,150.82,153.98,5784885,167.5
2024-01-24,154.23,154.4,150.82,150.97,5421244,164.22
2024-01-25,150.77,151.88,150.03,151.81,4465939,165.13
2024-01-26,151.93,152.48,150.31,151.13,4654408,164.4
2024-01-29,152.47,153.3,150.47,150.68,4704269,163.91
2024-01-30,150.97,151.67,150.09,151.61,3819615,164.92
2024-01-31,152.38,152.48,150.72,151.13,4994053,164.4
2024-02-01,150.49,154.15,149.54,154.07,5584434,167.59
2024-02-02,155.75,158.9,151.9,155.06,7870521,168.67
2024-02-05,156.14,159.16,154.86,157.44,6486886,171.26
2024-02-06,157.8,159.92,156.07,159.31,7038000,173.29
2024-02-07,159.97,161.39,159.34,160.89,6409084,175.01
2024-02-08,160.28,161.72,160.24,160.69,5709326,174.79
2024-02-09,160.94,161.25,159.09,160.03,3502661,174.08
2024-02-12,159.54,160.66,158.33,159.11,3477198,173.07
2024-02-13,160.38,161.06,158.09,159.31,5480551,173.29
2024-02-14,159.1,160.75,158.75,160.35,4348610,174.42
2024-02-15,159.98,162.47,159.79,162.34,5276243,176.59
2024-02-16,162.62,164.48,161.86,163.17,6689902,177.49
2024-02-20,161.64,164.26,161.36,161.57,5484327,175.75
2024-02-21,162.07,162.37,159.5,161.01,3819124,175.14
2024-02-22,160.68,163.03,159.17,162.49,4852394,176.75
2024-02-23,162.96,164.47,162.73,163.72,3941923,178.09
2024-02-26,164.41,165.28,163.64,164.38,4327400,178.81
2024-02-27,164.35,165.04,162.7,164.55,3888566,178.99
2024-02-28,165.34,165.37,162.62,163.64,4326102,178
2024-02-29,163.51,163.66,161.24,161.84,7485722,176.05
2024-03-01,161.84,164.73,161.57,164.47,4028935,178.91
2024-03-04,163.96,165.46,162.06,162.76,4723582,177.05
2024-03-05,163.44,165.1,163.44,164.7,5309903,179.16
2024-03-06,164.01,167.46,163.73,166.45,6047148,181.06
2024-03-07,167.49,167.7,165.05,166,6125187,180.57
2024-03-08,165.24,167.44,164.26,164.42,6195824,178.85
2024-03-11,164.01,166.63,163.86,165.14,5134817,179.63
2024-03-12,165.22,168.13,165.19,166.32,5391070,180.92
2024-03-13,167.77,167.78,164.94,165.35,5987932,179.86
2024-03-14,165.62,167.35,164.24,166.58,6999445,181.2
2024-03-15,165.33,166.01,163.21,163.53,20957948,177.88
2024-03-18,164.57,165.37,163.24,164.09,8569244,178.49
2024-03-19,163.81,165.41,163.81,165.16,7625613,179.66
2024-03-20,164.76,164.77,161.55,162.05,7326558,176.27
2024-03-21,162.54,163.4,161.68,163.18,5743564,177.5
2024-03-22,162.93,164.55,162.52,164.05,4084352,178.45
2024-03-25,164.56,164.74,163.75,164.12,4366502,178.53
2024-03-26,164.77,165.26,163.99,164.73,4392427,179.19
2024-03-27,165.29,166.01,164.38,165.8,5073508,180.35
2024-03-28,166.4,167.59,165.75,167.41,5418687,182.1
2024-04-01,167.2,167.22,164.78,166.17,3502141,180.76
2024-04-02,164.92,166.42,164.11,166.11,4523931,180.69
2024-04-03,166.14,166.95,162.35,163.02,5892990,177.33
2024-04-04,163.32,163.36,153.94,154.35,10538991,167.9
2024-04-05,154.44,157.24,153.79,156.28,7030108,170
2024-04-08,155.56,158.09,154.81,156.1,4744996,169.8
2024-04-09,156.03,156.78,153.89,156.41,5933987,170.14
2024-04-10,154.99,156.25,153.86,155.39,3231664,169.03
2024-04-11,155.55,155.7,153.73,154,3307034,167.52
2024-04-12,152.59,152.59,148.46,150.58,7029460,162.28
2024-04-15,152.66,152.82,149.86,150.01,5433730,161.67
2024-04-16,150.49,151.93,150.39,150.82,4881516,162.54
2024-04-17,152.31,152.86,151.46,152.41,4792382,164.25
2024-04-18,153.07,155.37,152.57,152.79,4480224,164.66
2024-04-19,153.12,154.59,151.48,154.41,5532492,166.41
2024-04-22,155.59,157.36,154.88,155.78,5580685,167.89
2024-04-23,156.43,158.08,156.09,157.32,4084105,169.54
2024-04-24,156.37,156.92,154.72,155.7,4074765,167.8
2024-04-25,155.57,157.08,153.63,155.23,5503656,167.29
2024-04-26,155.04,155.39,146.28,148.11,10721740,159.62
2024-04-29,148.08,149.9,147.13,149.87,6226196,161.52
2024-04-30,149.64,151.29,148.18,150.91,5484841,162.64
2024-05-01,150.4,151.89,149.52,150.06,5178876,161.72
2024-05-02,150.48,150.73,146.72,149.22,5904251,160.81
2024-05-03,149.54,152.41,149.15,151.98,5850102,163.79
2024-05-06,152.56,152.76,149.39,151,5834562,162.73
2024-05-07,151.58,152.17,150.22,150.83,5301668,162.55
2024-05-08,150.45,151.15,148.34,148.88,5906701,160.45
2024-05-09,149.21,149.69,148.48,148.83,3570072,160.4
2024-05-10,149.12,149.8,148.79,149.16,3509603,160.75
2024-05-13,149.65,150.85,149.21,149.65,3505882,161.28
2024-05-14,149.99,150.55,148.2,149.94,4025032,161.59
2024-05-15,150.61,152.56,150.2,151.98,5261263,163.79
2024-05-16,151.66,153.04,150.49,152.5,4642038,164.35
2024-05-17,153.46,154.49,152.63,154.42,5151176,166.42
2024-05-20,154.04,154.42,152.56,152.69,3058702,164.56
2024-05-21,153.45,153.76,150.78,151.18,3645239,162.93
2024-05-22,149.92,150.26,147.7,148.1,6904915,159.61
2024-05-23,147.56,148.5,146.39,146.85,5672891,158.26
2024-05-24,146.94,147.33,145.09,145.74,3691730,157.06
2024-05-28,145.08,145.08,142.85,144.14,5533467,155.34
2024-05-29,143.72,145.1,142.6,143.63,4254540,154.79
2024-05-30,143.5,145.15,142.51,145.04,4311479,156.31
2024-05-31,145.36,149.99,144.94,149.61,15664434,161.24
2024-06-03,148.46,151.42,147.38,148.64,4467810,160.19
2024-06-04,148.64,151.07,148.25,150.45,4215545,162.14
2024-06-05,151.15,154.01,150.47,153.51,5100491,165.44
2024-06-06,153.56,156.7,152.5,156.42,5186713,168.57
2024-06-07,156.81,158.06,155.69,157.2,3781858,169.42
2024-06-10,156.81,158.44,155.6,158.17,4247645,170.46
2024-06-11,157.97,158.34,155.35,155.61,3790165,167.7
2024-06-12,155.77,156.38,153.13,154.11,4725634,166.09
2024-06-13,154.03,154.87,153.1,154.55,3690807,166.56
2024-06-14,154.47,157.04,154.03,156.43,4377638,168.59
2024-06-17,156.26,158.11,155.29,157.45,4075952,169.68
2024-06-18,158.15,160.54,157.62,159,4250883,171.36
2024-06-20,158.84,160.35,157.76,159.72,5847461,172.13
2024-06-21,160.25,160.46,157.36,158.1,12308051,170.39
2024-06-24,158.79,160.91,158.39,160.28,6249937,172.74
2024-06-25,159.69,160.91,158.32,158.44,5712698,170.75
2024-06-26,158.01,159.92,157.88,158.81,5576094,171.15
2024-06-27,158.94,159.19,155.65,156.81,5381953,168.99
2024-06-28,157.73,159.43,156.86,159.15,24433954,171.52
2024-07-01,158.92,161.34,157.31,158.09,5194744,170.37
2024-07-02,156.47,156.47,153.52,153.99,5965457,165.96
2024-07-03,154.11,155.05,151.73,152.03,3527612,163.84
2024-07-05,152.84,155.25,151.83,155.19,5978524,167.25
2024-07-08,154.53,155.62,153.68,154.51,3500155,166.52
2024-07-09,154.98,156.38,152.97,155.93,4224705,168.05
2024-07-10,155.38,156.3,154.13,156.02,3887959,168.14
2024-07-11,155.44,158.07,155.28,157.66,3689530,169.91
2024-07-12,158.33,159.25,157.65,158,4133520,170.28
2024-07-15,158.17,159.53,156.78,157.35,2395181,168.03
2024-07-16,157.88,159.05,156.63,158.44,3829646,169.2
2024-07-17,158.73,164.57,158.73,164.13,6983160,175.27
2024-07-18,163.35,165.45,159.87,160.26,5957924,171.14
2024-07-19,162.63,162.79,160.33,161.36,4293624,172.32
2024-07-22,162.3,163.62,161.06,162.57,4066954,173.61
2024-07-23,162.3,163.49,161.79,162.14,2933782,173.15
2024-07-24,162.19,165.37,161.95,165.01,6117697,176.21
2024-07-25,165.75,174.28,160.88,170.59,9442179,182.17
2024-07-26,171.79,174.97,170.53,173.39,6948832,185.16
2024-07-29,172.34,174.3,169.05,170.37,5458460,181.94
2024-07-30,171.92,175.78,170.99,174.9,6032165,186.78
2024-07-31,174.54,175.58,171.79,173.54,6473948,185.32
2024-08-01,175.83,178.83,174.9,177.65,6595545,189.71
2024-08-02,178.84,181.58,174.61,177.26,6303909,189.29
2024-08-05,175.53,177.26,171.4,172.64,6459296,184.36
2024-08-06,173.64,175.88,171.44,173.9,4273301,185.71
2024-08-07,175.95,177.54,174.15,175.59,6351130,187.51
2024-08-08,175.04,178.58,175.04,178.29,5744889,190.4
2024-08-09,178.65,178.87,176.14,177.85,3206539,189.93
2024-08-12,177.99,178.45,175.77,178.09,4808434,190.18
2024-08-13,178.44,179.74,177.34,179.07,3477320,191.23
2024-08-14,178.86,181.06,178.36,180.73,4153610,193
2024-08-15,182.12,182.59,179.13,181.1,4719856,193.4
2024-08-16,181.55,181.9,180.05,181.57,3675149,193.9
2024-08-19,181.1,184.64,181.06,184.35,4309277,196.87
2024-08-20,184.59,184.92,181.79,183.68,3631797,196.15
2024-08-21,183.95,184.79,183.23,184.03,4250492,196.53
2024-08-22,184.48,184.98,182.93,183.88,3676719,196.37
2024-08-23,184.71,185.39,183.75,184.99,4720300,197.55
2024-08-26,185,185.38,183.6,184.89,4182425,197.44
2024-08-27,185.4,185.69,182.77,183.46,2504553,195.92
2024-08-28,183.09,183.75,181.69,182.98,3910215,195.4
2024-08-29,183.54,183.95,181.53,182.77,4538372,195.18
2024-08-30,182.84,184.01,181.82,183.83,3820802,196.31
2024-09-03,183.67,187.24,183.63,185.12,4872587,197.69
2024-09-04,186.05,187.17,183.95,184.48,4214441,197.01
2024-09-05,184.44,184.6,179.94,180.6,5902786,192.86
2024-09-06,181.17,182.36,180.57,181.1,4312632,193.4
2024-09-09,182.57,184.11,181.61,183.93,3606983,196.42
2024-09-10,183.65,186.79,180.64,186.68,6333281,199.35
2024-09-11,185.11,185.11,181.12,182.22,4909292,194.59
2024-09-12,182.4,182.67,179.11,181.68,4165394,194.02
2024-09-13,181.53,182.22,179.61,181.86,2718268,194.21
2024-09-16,183.37,183.69,182.1,183.29,3235706,195.73
2024-09-17,182.41,183.61,179.62,181.15,3534110,193.45
2024-09-18,180.85,183.15,179.58,180.67,3236829,192.94
2024-09-19,181.13,181.82,179.76,181.31,3929288,193.62
2024-09-20,180.73,181.5,179.91,181.17,11661191,193.47
2024-09-23,181.38,181.95,179.98,181.51,3177996,193.83
2024-09-24,180.68,182.8,179.41,181.21,4286499,193.51
2024-09-25,181.67,182.2,178.82,179.1,5589494,191.26
2024-09-26,178.01,180.61,177.56,179.7,6215788,191.9
2024-09-27,180.35,183.66,178.17,182.41,4892025,194.79
2024-09-30,182.46,185.06,182.01,184.92,4550849,197.48
2024-10-01,185.08,186.32,183.93,184.44,3924607,196.96
2024-10-02,183.22,184.47,182.09,184.31,2946883,196.82
2024-10-03,184.35,184.52,182.36,183.02,3453796,195.45
2024-10-04,182.7,183.2,180.77,181.94,4749856,194.29
2024-10-07,182.05,182.69,180.57,181.3,5033832,193.61
2024-10-08,181.98,182.6,180.02,180.74,4419016,193.01
2024-10-09,180.59,182.49,179.75,182.37,4479107,194.75
2024-10-10,182.17,182.43,180.99,181.99,3562476,194.35
2024-10-11,182.6,182.82,181.27,181.84,2973025,194.19
2024-10-14,181.89,183.86,181.35,183.21,3624123,195.65
2024-10-15,183.81,185.24,180.49,181.1,6553712,191.86
2024-10-16,179.77,180.32,178.14,179.77,5575983,190.46
2024-10-17,179.85,180.87,177.89,177.99,4419002,188.57
2024-10-18,178.37,179.05,177.61,178.26,5607902,188.86
2024-10-21,178.12,178.76,175.46,176.07,4496592,186.54
2024-10-22,175.87,178.49,175.78,178.17,4210359,188.76
2024-10-23,178.11,178.65,176.98,177.34,4267078,187.88
2024-10-24,177.86,179.78,177.61,179.01,6742024,189.65
2024-10-25,179.04,179.23,176.67,177.31,4017525,187.85
2024-10-28,177.54,179.47,177,179.04,5383733,189.68
2024-10-29,179.8,180.44,177.94,178.82,6131530,189.45
2024-10-30,180.87,191,177.97,190.2,10396361,201.5
2024-10-31,190.64,195.69,190.12,192.43,8829278,203.87
2024-11-01,192.9,193.24,190.97,192.13,4493880,203.55
2024-11-04,192.36,192.78,188.99,189.22,3531804,200.47
2024-11-05,189.24,191.06,187.22,190.37,5109348,201.68
2024-11-06,194.24,194.58,189.58,189.91,7194757,201.2
2024-11-07,190.62,190.96,188.04,189.26,4520190,200.51
2024-11-08,189.87,190.57,188.29,188.31,4596949,199.5
2024-11-11,168.55,168.55,163.01,164.64,20760250,174.43
2024-11-12,166.14,166.72,161.43,161.49,10556977,171.09
2024-11-13,162.04,162.95,160.13,160.79,8483499,170.35
2024-11-14,160.46,161.99,159.13,160.11,8442546,169.63
2024-11-15,160.11,160.11,155.48,155.73,11265398,164.99
2024-11-18,156.33,157.39,155.55,156.95,8341413,166.28
2024-11-19,156,157.73,154.62,157.23,5245994,166.57
2024-11-20,157.55,158.49,156.36,158.35,7134788,167.76
2024-11-21,159.13,162.78,157.56,162.1,6847695,171.73
2024-11-22,164.56,168.83,163.77,167.02,11328616,176.95
2024-11-25,167.09,170.08,166.83,167.13,12464964,177.06
2024-11-26,167.16,171.46,166.76,170.98,6947512,181.14
2024-11-27,170.98,173.9,170.74,172.81,5271481,183.08
2024-11-29,172.87,173.24,172.26,172.67,2710732,182.93
2024-12-02,172.05,172.45,168.83,171.57,3936877,181.77
2024-12-03,172.05,173.21,171.3,171.32,4107553,181.5
2024-12-04,170,170.33,166.04,166.56,6125479,176.46
2024-12-05,165.16,166.81,163.79,166.29,5444240,176.17
2024-12-06,166.13,166.82,164.39,166.31,4839640,176.19
2024-12-09,165.74,168.14,164.6,166.66,4394811,176.57
2024-12-10,165.68,166.99,164.08,165.81,4089569,175.67
2024-12-11,166.09,166.13,164.09,164.59,9492204,174.37
2024-12-12,165.1,166.04,162.34,163.47,4999451,173.19
2024-12-13,163.53,165.11,162.72,163.64,5471791,173.37
2024-12-16,162.04,163.62,160.96,162,8157926,171.63
2024-12-17,161.01,166.6,160.66,165.54,7664728,175.38
2024-12-18,166.15,166.6,163.12,163.31,5471574,173.02
2024-12-19,163.23,164.13,160.78,161.9,6110511,171.52
2024-12-20,162.16,166.88,161.09,165.73,18950908,175.58
2024-12-23,165.46,168.63,164.83,168.38,6945621,178.39
2024-12-24,168.4,170.06,167.86,169.9,2692814,180
2024-12-26,168.98,170.23,168.61,169.15,2759421,179.2
2024-12-27,167.94,169.58,167.34,168.02,2745373,178.01
2024-12-30,167.09,167.39,165.66,166.31,3405687,176.2
2024-12-31,166.46,167.86,166.05,167.73,3326732,177.7
2025-01-02,168.64,169.69,167.92,169.37,4094307,179.44
2025-01-03,169.58,171.38,168.77,171.05,4380336,181.22
2025-01-06,170.64,171.77,169.2,170,6302081,180.1
2025-01-07,169.55,171.95,168.38,169.46,5905223,179.53
2025-01-08,169.15,169.18,166.3,168.49,4488519,178.5
2025-01-10,166.94,167.58,163.61,165.34,5372441,175.17
2025-01-13,165.33,168,164.56,166.82,4734094,176.74
2025-01-14,166.7,166.86,164.32,165.7,4779147,175.55
2025-01-15,165.33,166.23,160.76,163.26,8048736,171.35
2025-01-16,163.36,165.75,162.47,165.5,5235975,173.7
2025-01-17,164.72,165.78,163.19,163.46,7852525,171.56
2025-01-21,164.03,167.37,163.14,164.46,7548666,172.61
2025-01-22,162.26,162.8,160.13,161.21,9464994,169.2
2025-01-23,162.41,162.63,160.53,162.61,7116187,170.67
2025-01-24,161.33,163.03,161.26,162.26,5584924,170.3
2025-01-27,164.51,169.07,164.44,168.55,6985212,176.9
2025-01-28,168.46,168.8,165.53,166.56,5604051,174.81
2025-01-29,166.26,168.57,166.07,166.99,3748422,175.26
2025-01-30,167.7,167.81,165.77,167.36,5209206,175.65
2025-01-31,178.46,182.72,175,175.22,11928323,183.9
2025-02-03,174.53,182.61,173.55,181.17,9826485,190.14
2025-02-04,178.77,182.13,178.22,180.98,7362010,189.95
2025-02-05,181.53,184.25,180.96,182.7,6449920,191.75
2025-02-06,182.84,185.31,181.57,183.86,4586688,192.97
2025-02-07,184.04,184.71,181.45,181.6,3795065,190.6
2025-02-10,182.42,182.42,180.16,181.36,3682839,190.34
2025-02-11,180.84,182.87,179.37,182.78,3977033,191.83
2025-02-12,181.51,185.2,181.4,183.89,4525009,193
2025-02-13,185.11,185.11,182.39,184.32,4108920,193.45
2025-02-14,184.8,185.97,183.68,183.77,3976903,192.87
2025-02-18,182.94,187.72,181.67,186.99,6065546,196.25
2025-02-19,187.5,188.76,186.76,188.04,4885964,197.35
2025-02-20,188.65,191.86,187.54,191.4,5066999,200.88
2025-02-21,190.86,194.35,190.57,192.54,5889360,202.08
2025-02-24,192.3,195.8,191.78,194.45,6304982,204.08
2025-02-25,195.49,196.29,192.8,194.5,7747037,204.14
2025-02-26,193.98,194.2,191.92,193.43,4767261,203.01
2025-02-27,193.48,197.04,192.7,195.34,5696853,205.02
2025-02-28,195.44,199.71,194.76,199.16,13136421,209.03
2025-03-03,200.07,202.28,199.05,201.5,7016425,211.48
2025-03-04,204.35,205.48,197.87,197.95,7553973,207.76
2025-03-05,197.3,202.17,196.28,201.56,5753191,211.54
2025-03-06,201.47,201.97,198.66,200.8,4345958,210.75
2025-03-07,201.15,204.84,199.14,204.18,6806116,214.29
2025-03-10,200.08,208.34,199.33,206.43,8604021,216.66
2025-03-11,206.43,206.43,202.38,203.51,7144519,213.59
2025-03-12,201.99,203.78,199.43,202.05,6139777,212.06
2025-03-13,201.99,203.71,200.74,201.56,5559530,211.55
2025-03-14,199.88,202.77,198.45,201.77,4511554,211.77
2025-03-17,202.2,205.33,199.63,204.35,5075817,214.47
2025-03-18,204.35,205.02,202.25,203.76,5088300,213.85
2025-03-19,203.93,204.38,200.83,202.23,5413299,212.25
2025-03-20,202.96,203.35,201.15,201.96,5836059,211.96
2025-03-21,201.74,202.83,198.89,200.1,16657723,210.01
2025-03-24,199.51,201.06,197.71,199.3,7393756,209.17
2025-03-25,199.34,199.38,189.97,191.84,10089066,201.34
2025-03-26,193.53,193.53,187.22,191.8,6743496,201.3
2025-03-27,192.48,194.07,191.8,193.15,4995303,202.72
2025-03-28,193.16,196.3,192.07,195.6,6478272,205.29
2025-03-31,194.78,200.85,194.78,199.63,11093906,209.52
2025-04-01,200.58,202.14,195.9,196.53,7853225,206.27
2025-04-02,197.44,197.44,190.88,195.5,9262821,205.19
2025-04-03,200.37,200.75,191.74,192.12,7593123,201.64
2025-04-04,190.56,190.56,177.38,178.14,13504546,186.96
2025-04-07,172.49,179.32,167.96,177.74,12581054,186.55
2025-04-08,178.75,179.5,164.19,167.38,12516387,175.67
2025-04-09,160.36,172.08,156.63,171.35,18976356,179.84
2025-04-10,169.36,169.6,157.18,165.98,13969950,174.2
2025-04-11,165.61,168.62,161.34,166.79,9047688,175.05
2025-04-14,169.06,171.68,167.88,170.65,7164364,179.1
2025-04-15,170.88,173.57,169.54,170.01,8078530,176.8
2025-04-16,169.75,170.06,163.23,165.09,9459653,171.68
2025-04-17,165.94,168.47,165.31,166.35,8998056,172.99
2025-04-21,166.81,167.48,162.07,163.63,7364554,170.16
2025-04-22,164.51,167.95,164.35,167.11,6191935,173.78
2025-04-23,168.28,171.31,167.7,170.25,7119729,177.05
2025-04-24,170.79,174.52,169.35,173.44,8789373,180.37
2025-04-25,179.94,181.45,173.08,178.92,10482067,186.06
2025-04-28,180.78,185.71,180.43,184.96,10408020,192.34
2025-04-29,185.19,188.03,183.26,186.08,6671567,193.51
2025-04-30,187.02,188.26,183.68,187.61,8400727,195.1
2025-05-01,185.47,188.3,182.51,185.92,5823568,193.34
2025-05-02,187.68,191.34,187.16,190.85,6425165,198.47
2025-05-05,190.85,190.87,187.54,188.54,5121472,196.07
2025-05-06,187.99,188.3,178.61,179.96,9392012,187.15
2025-05-07,180.95,182.88,179.58,180.87,5773879,188.09
2025-05-08,177.06,179.49,174.67,178.45,8816708,185.58
2025-05-09,178.62,182.48,177.16,177.51,7806372,184.6
2025-05-12,173.09,185.29,173.09,182.77,12792682,190.07
2025-05-13,181.77,182.47,178.29,180.78,7523807,188
2025-05-14,179.35,180.44,169.82,170.63,12211957,177.44
2025-05-15,171.18,175.12,169.79,174.7,12073301,181.68
2025-05-16,174.34,177,173.59,176.95,6152806,184.02
2025-05-19,177.15,178.67,175.5,178.58,5216727,185.71
2025-05-20,177.76,178.86,176.58,177.75,5505377,184.85
2025-05-21,176.87,177.71,174.57,174.82,5140901,181.8
2025-05-22,174.44,176.51,173.33,175.53,4689223,182.54
2025-05-23,175.37,177.05,174.74,176.22,4027044,183.26
2025-05-27,177.19,178.85,176.84,178.59,5726691,185.72
2025-05-28,178.23,178.95,175.37,176.06,4787790,183.09
2025-05-29,176.42,179.58,175.67,178.49,4926034,185.62
2025-05-30,177.9,179.52,175.98,178.96,11609036,186.11
2025-06-02,178.6,179.81,176.13,179.81,4435629,186.99
2025-06-03,179.72,181.48,177.72,180.06,5335592,187.25
2025-06-04,181.18,182.88,180.08,180.15,4382380,187.34
2025-06-05,180.3,181.36,177.95,180.27,4418520,187.47
2025-06-06,181.25,183.18,181.07,182.54,3607927,189.83
2025-06-09,183.2,184.43,181.75,181.9,4661638,189.16
2025-06-10,181.78,184.51,181.55,182.22,4087503,189.5
2025-06-11,182.07,185.32,181.8,184.15,3907958,191.5
2025-06-12,184.82,186.16,180.21,185.03,5781429,192.42
2025-06-13,184.21,186.04,182.98,183.74,4965775,191.08
2025-06-16,183.57,184.3,181.68,183.53,4203942,190.86
2025-06-17,181.9,183.29,177.93,178.36,4733885,185.48
2025-06-18,178.14,179.94,176.65,178.37,3573152,185.49
2025-06-20,178.95,179.92,177.09,178.19,12158103,185.3
2025-06-23,177.41,178.67,175.3,176.7,5157855,183.76
2025-06-24,177.44,178.99,176.16,178.43,4074609,185.55
2025-06-25,178.19,179.91,177.55,178.27,4471108,185.39
2025-06-26,179.37,181.73,178.66,179.62,5734014,186.79
2025-06-27,180.69,180.78,174.75,175.31,29264650,182.31
2025-06-30,175.43,179.1,174.77,178.49,6483021,185.62
2025-07-01,177.91,184.4,177.31,182.7,5937604,189.99
2025-07-02,182.42,185.2,182.25,183.43,4658511,190.75
2025-07-03,183.81,184.11,181.62,182.01,3706217,189.28
2025-07-07,182.17,184.04,179.65,180.43,11049426,187.63
2025-07-08,179.62,185.59,179.5,182.48,7106896,189.77
2025-07-09,181.26,183.76,181.09,183.3,5594464,190.62
2025-07-10,183.19,189.92,182.28,187.51,6049615,195
2025-07-11,186.45,186.55,183.82,185.06,4990981,192.45
2025-07-14,184.36,185.27,182.74,184.17,4072779,191.52
2025-07-15,184.49,184.93,179.44,180.78,6729235,186.39
2025-07-16,181.3,185.63,180.89,184.85,6202268,190.58
2025-07-17,183.31,186.34,182.6,185.64,4853051,191.4
2025-07-18,185.74,186.55,182.9,183.57,5332144,189.26
2025-07-21,183.91,184.19,179.07,179.29,4954794,184.85
2025-07-22,179.38,182.54,179.34,181.48,4432061,187.11
2025-07-23,181.42,185.06,181.15,184.82,4344466,190.55
2025-07-24,185.02,186.46,184.27,185.09,3463089,190.83
2025-07-25,185.64,185.64,182.86,184.55,3786776,190.28
2025-07-28,185.46,185.46,181.99,182.85,3776900,188.52
2025-07-29,183.46,186.7,182.21,185.47,6715496,191.22
2025-07-30,186,186.9,182.35,183.61,5008390,189.31
2025-07-31,191.13,192.84,181.97,183.33,10347929,189.02
2025-08-01,184.21,191.13,184.07,189.35,8081951,195.22
2025-08-04,188.95,191.43,187.89,191.26,4217462,197.19
2025-08-05,191.61,193.88,190.57,192.58,4153422,198.55
2025-08-06,191.3,192.09,188.81,190.39,4057267,196.3
2025-08-07,191.12,193.82,190.59,192.88,4683382,198.86
2025-08-08,193.09,194.3,191.21,192.09,4101771,198.05
2025-08-11,192.22,193.43,190.97,192.66,6068073,198.64
2025-08-12,192.13,194,191.12,192.66,3050118,198.64
2025-08-13,193.75,195.65,193.22,195.41,3558497,201.47
2025-08-14,195.73,198.89,194.82,198.52,4635784,204.68
2025-08-15,199.71,200.62,198.17,200.47,4430974,206.69
2025-08-18,200.38,202.07,199.76,200.35,6083570,206.57
2025-08-19,200.32,201.55,198.93,199.99,3975515,206.19
2025-08-20,200.43,205.32,200.43,202.86,5782076,209.15
2025-08-21,202.85,206.06,202.59,203.2,5324170,209.5
2025-08-22,204.5,205.11,200.89,204.26,5516870,210.6
2025-08-25,203.97,204.94,200.82,201.3,2796185,207.55
2025-08-26,201.28,202.3,200.35,202.09,3702929,208.36
2025-08-27,202.54,204.09,201.56,201.8,3459319,208.06
2025-08-28,201.4,201.75,199.31,201.66,4523062,207.92
2025-08-29,201.74,204.65,201.64,204.07,4262681,210.4
2025-09-02,203.82,205.78,202.7,205.54,4335496,211.92
2025-09-03,206.03,207,205.12,205.49,3973731,211.86
2025-09-04,205.86,207.75,205.29,206.59,3531768,213
2025-09-05,206.15,207.89,204.65,206.16,4465363,212.56
2025-09-08,204.64,205.62,201.36,203.48,5525921,209.79
2025-09-09,203.23,204.38,202.83,204.09,3097114,210.42
2025-09-10,203.9,205.88,202.16,205.27,4520838,211.64
2025-09-11,213.72,215.09,210.23,213.59,7647956,220.22
2025-09-12,212.53,213.74,211.66,211.77,4419123,218.34
2025-09-15,212.99,212.99,207.86,211.06,5162389,217.61
2025-09-16,211.76,212.13,209.35,209.75,4251076,216.26
2025-09-17,212.51,214.88,210.76,214.17,5258357,220.81
2025-09-18,214.42,215.39,213.3,215.31,4445792,221.99
2025-09-19,215.72,216.77,214.92,215.78,14415107,222.47
2025-09-22,215.77,218.39,214.77,215.89,5990698,222.59
2025-09-23,215.33,217.65,215.25,215.91,4630091,222.61
2025-09-24,215.32,215.55,211.96,213.37,5074766,219.99
2025-09-25,213.48,215.57,211.47,211.96,6666028,218.54
2025-09-26,213.99,214.82,211.12,213.97,4185796,220.61
2025-09-29,214.11,216.52,213.18,216.45,4958361,223.16
2025-09-30,216.35,225.36,215.87,224.57,9187338,231.54
2025-10-01,226.61,237.44,225.02,237.03,12243139,244.38
2025-10-02,233.64,235.37,227.46,229.44,8107666,236.56
2025-10-03,229.77,231.65,226.68,226.87,6547632,233.91
2025-10-06,224.74,225.94,221.06,223.26,11940287,230.19
2025-10-07,224.33,227.04,220.74,225.82,4901000,232.83
2025-10-08,224.51,225.99,222.77,224.28,5413013,231.24
2025-10-09,226.25,226.76,223.68,223.75,4607869,230.69
2025-10-10,224.54,227.62,223.56,223.56,6156932,230.5
2025-10-13,223.08,226.77,222.33,223.37,5411890,230.3
2025-10-14,221.21,223.71,220.66,222.24,5527553,229.13
2025-10-15,221.95,223.66,220.12,220.99,5459705,226.22
2025-10-16,220.99,222.84,220.25,221.63,4737529,226.87
2025-10-17,222.26,225.38,221.57,224.27,7150042,229.57
2025-10-20,225.66,226.9,224.69,226.7,5246946,232.06
2025-10-21,226.79,227.43,224.52,226.05,3298129,231.39
2025-10-22,226.32,226.8,223.15,223.4,3523765,228.68
2025-10-23,223.7,224.55,222,222.98,5818006,228.25
2025-10-24,223.5,223.75,221.02,222.72,3554688,227.99
2025-10-27,222.68,223.32,221.87,222.76,2784402,228.03
2025-10-28,221.76,223.12,219.13,222.28,3724183,227.54
2025-10-29,222.36,222.73,218.87,219.94,5469686,225.14
2025-10-30,221.81,224.35,221.18,222.93,5020654,228.2
2025-10-31,217.85,218.7,211.01,213,10825326,218.04
2025-11-03,211.68,213.94,206.8,207.06,8874341,211.96
2025-11-04,207.46,212.07,207.46,210.9,6184010,215.89
2025-11-05,210.76,212.41,207.69,211.76,4928394,216.77
2025-11-06,210.9,214.61,210.67,213.98,6615338,219.04
2025-11-07,214.24,215.89,212.08,214.1,4647894,219.16
2025-11-10,211.99,214.78,211.16,213.66,4530984,218.71
2025-11-11,213.94,220.21,213.94,219.97,4802442,225.17
2025-11-12,220.19,228.6,220.09,227.84,8583201,233.23
2025-11-13,228.34,233.76,226.8,226.92,7968822,232.29
2025-11-14,228.21,229.57,225,226.99,5461523,232.36
2025-11-17,227.87,229.91,223.94,228.6,5023149,234
2025-11-18,229.57,231.71,226.75,228.47,6232602,233.87
2025-11-19,228.15,232.65,225.04,227.53,7618431,232.91
2025-11-20,227.87,229.52,222.73,224.15,4283604,229.45
2025-11-21,225.22,232.51,224.82,230.82,8017597,236.28
2025-11-24,230.55,232.13,223.2,224.21,10225855,229.51
2025-11-25,225,228.67,224.99,226.45,7134461,231.8
2025-11-26,226.68,227.11,221.41,222.4,5921088,227.66
2025-11-28,221.61,222.82,220.3,222.44,2655563,227.7
2025-12-01,221.94,224.19,218.81,219.91,5208509,225.11
2025-12-02,219.63,221.4,217.96,219.19,5096922,224.37
2025-12-03,219.65,225.46,219.33,224.92,4873263,230.24
2025-12-04,224.8,225.61,222.33,223.43,3733100,228.71
2025-12-05,223.64,223.95,219.85,220.86,3985199,226.08
2025-12-08,220.86,220.9,217.25,217.97,4006095,223.12
2025-12-09,218.72,219.63,215.14,217.84,4268052,222.99
2025-12-10,219.8,220.76,215.9,219.98,8735154,225.18
2025-12-11,220.33,220.74,217.11,218.81,4170630,223.98
2025-12-12,218.52,218.65,215.99,218.16,5467638,223.32
2025-12-15,219.06,223.03,218.4,222.2,5972176,227.45
2025-12-16,221.18,221.6,216.78,218.5,6405940,223.67
2025-12-17,218.71,221.18,217.71,219.13,5243829,224.31
2025-12-18,218.83,221.03,217.64,217.67,4760352,222.82
2025-12-19,217.8,224.17,217.21,221.58,18968826,226.82
2025-12-22,220.89,223.37,219.07,222.65,4828087,227.91
2025-12-23,222.95,225.46,222.65,223.51,3612223,228.79
2025-12-24,224.16,225.47,223.69,224.58,1744910,229.89
2025-12-26,224.51,225.28,223.4,224.67,1594000,229.98
2025-12-29,224.83,226.66,224.43,225.51,3803117,230.84
2025-12-30,225.44,225.86,223.34,224.43,2347973,229.74
2025-12-31,224.43,224.93,223.15,223.21,3197147,228.49
2026-01-02,223.46,225.41,220.5,224.01,3336885,229.31
2026-01-05,221.76,221.99,212.83,215.09,9335776,220.18
2026-01-06,214.67,219.02,214.48,218.76,9151710,223.93
2026-01-07,220.04,231.57,219.55,228.03,10285385,233.42
2026-01-08,225.79,226.19,217.97,218.95,9365855,224.13
2026-01-09,218.58,219.92,213.94,215,6714160,220.08
2026-01-12,216.08,217.35,213.35,214.96,6546141,220.04
2026-01-13,214.46,215.65,210.86,215.65,4872602,220.75
2026-01-14,215.9,218.18,211.99,216.76,8426842,221.89
2026-01-15,217.38,217.88,210.84,211.74,6954243,216.75
2026-01-16,212.32,214.03,210.62,211.08,8649746,214.35
2026-01-20,208.47,210.78,206.76,210.78,8251436,214.04
2026-01-21,209.23,214.68,208.35,212.86,10727118,216.15
2026-01-22,212.98,215.71,211.49,214.79,5650881,218.11
2026-01-23,213.95,216.47,212.59,215.92,5816700,219.26
2026-01-26,215.77,218.1,215.17,217.41,6553387,220.77
2026-01-27,217.51,223.4,217.29,220.52,5747444,223.93
2026-01-28,220.19,220.62,213.4,215.34,5215799,218.67
2026-01-29,214.68,220.72,214.68,217.07,7834002,220.43
2026-01-30,217.15,220.61,216.21,219.61,6622248,223.01
2026-02-02,221.42,226.28,221,222.2,5412997,225.64
2026-02-03,220.54,225.22,220.23,222.22,8158535,225.66
2026-02-04,206.58,217.48,201.16,213.8,15319669,217.11
2026-02-05,213.6,216.52,210.78,215.68,10794040,219.02
2026-02-06,215.42,222.38,215.17,220.03,6067099,223.43
2026-02-09,220.02,220.55,216.77,219.86,6767650,223.26
2026-02-10,220.34,222.37,218.56,219.05,6044475,222.44
2026-02-11,218.88,220.73,214.73,217.52,8072636,220.89
2026-02-12,218.19,225.56,217.54,224.03,8712013,227.5
2026-02-13,224.94,231.16,224.53,227.97,8252480,231.5
2026-02-17,229.11,231.67,227.67,229.31,7336770,232.86
2026-02-18,230.43,230.43,222.63,225.23,5495352,228.72
2026-02-19,225.48,225.88,219.62,220.93,5410847,224.35
2026-02-20,221.61,223.24,219.71,221.38,6830385,224.81
2026-02-23,222.38,227.9,222.35,225.98,5466493,229.48
2026-02-24,225.51,227.24,224.2,224.96,4883592,228.44
2026-02-25,226.21,229.01,223.02,223.46,5414245,226.92
2026-02-26,224.12,224.31,217.76,221.27,5334910,224.69
2026-02-27,221.67,228.73,221.63,228.54,8021045,232.08
2026-03-02,230.1,232.07,228.37,230.69,7443045,234.26
2026-03-03,229.8,232.12,226.73,230.3,6599337,233.86
2026-03-04,230,233.5,228.54,232.59,5384074,236.19
2026-03-05,229.86,231.22,224.53,228.81,9432865,232.35
2026-03-06,226.85,228.07,223.34,226.6,6143044,230.11
2026-03-09,226.47,227.16,219.83,223.98,7919618,227.45
2026-03-10,224.19,227.74,222.71,223.55,6470014,227.01
2026-03-11,222.61,225.8,221.86,224.21,5303305,227.68
2026-03-12,221.69,224.33,220.16,221.94,7610003,225.37
2026-03-13,223.43,225.14,216.1,216.33,5679663,219.68
2026-03-16,217.72,220.95,216.96,218.08,3995246,221.45
2026-03-17,218.66,219.87,216.41,216.41,4408396,219.76
2026-03-18,215.17,215.66,204.44,205.17,8602615,208.34
2026-03-19,205.19,207.22,201.19,203.09,7010640,206.23
2026-03-20,203.12,204.61,199.97,201.95,27986064,205.07
2026-03-23,204.2,205.44,200.12,201.81,7424066,204.93
2026-03-24,199.95,202.87,198.73,202.07,6994109,205.2
2026-03-25,203.71,206.49,202.72,204.02,6003170,207.18
2026-03-26,204.03,208.23,202.62,207.9,4578881,211.12
2026-03-27,208.2,210.24,205.93,206.21,5657053,209.4
2026-03-30,209.03,210.68,207.57,209.87,7494518,213.12
2026-03-31,211.78,215.83,211.58,214.18,8314664,217.49
2026-04-01,215.04,217.09,210.49,211.7,5706495,214.98
2026-04-02,210.73,211.29,204.55,205.66,5154870,208.84
2026-04-06,203.89,205.82,202.17,203.54,4933762,206.69
2026-04-07,203.09,203.34,198.59,203.23,8806812,206.37
2026-04-08,203.12,208.99,201.44,208.37,5482280,211.59
2026-04-09,206.29,210.26,205.56,209.16,4481437,212.4
2026-04-10,210.3,210.84,204.58,204.77,4636965,207.94
2026-04-13,203.28,204.91,199.92,203.32,7537893,206.47
2026-04-14,201.68,207.21,200.95,207.06,6202767,210.26
2026-04-15,207.51,208.34,204.09,206.95,5956005,208.42
2026-04-16,206.31,208.18,205.06,207.51,5078561,208.99
2026-04-17,208.18,210.85,206.35,206.91,8989948,208.38
2026-04-20,206.47,206.86,201.41,202.27,5778654,203.71
2026-04-21,202.57,204.74,199.5,203.67,7775806,205.12
2026-04-22,203.72,204.53,198.4,199.08,7651373,200.5
2026-04-23,199.63,201.33,198.99,199.53,7464783,200.95
2026-04-24,197.52,198.83,195.75,197.31,7611217,198.71
2026-04-27,196.6,200,194.85,195.99,7471851,197.38
2026-04-28,197.27,197.77,195.05,196.29,6316906,197.69
2026-04-29,190.64,204.38,189.4,202.45,10410008,203.89
2026-04-30,207.52,213.35,206.7,209.83,10323189,211.32
2026-05-01,209.51,209.51,204.12,205.14,6347512,206.6
2026-05-04,204.26,206.86,203.42,206.69,4583401,208.16
2026-05-05,207.49,208.03,204.38,204.65,4495083,206.11
2026-05-06,204.65,205.55,202.12,203.58,7294394,205.03
2026-05-07,203.47,205.54,200.6,201.28,6685717,202.71
2026-05-08,200.49,200.97,198.61,200.13,4920198,201.55
2026-05-11,200.58,203.92,200.58,201.35,4936009,202.78
2026-05-12,203.14,209.83,202.07,206.39,7047315,207.86
2026-05-13,205.4,208.05,202.86,207.03,5708759,208.5
2026-05-14,208.02,212,206.88,209.28,5009448,210.77
2026-05-15,211.59,213.4,207.54,208.9,5388514,210.39
2026-05-18,208.88,209.87,206.21,207.93,5073332,209.41
2026-05-19,208.42,214.27,207.25,212.25,7223570,213.76
2026-05-20,211.85,212.98,210.01,210.8,5132752,212.3
2026-05-21,209.46,214.12,208.02,212.98,3817441,214.5
2026-05-22,215.47,218.46,214.18,214.18,5411658,215.7
2026-05-26,214.39,215.52,210.41,211.61,4714481,213.12
2026-05-27,211.61,214.41,209.87,213.88,4643426,215.4
2026-05-28,214.37,217.82,214.37,217.08,5194150,218.63
2026-05-29,217.47,218.05,213.38,216.18,7624128,217.72
2026-06-01,213.74,214.97,210.02,211.43,4863389,212.93
2026-06-02,209.52,215.04,207.51,213.88,5865036,215.4
2026-06-03,213.28,217.99,212.21,215.6,5670392,217.13
2026-06-04,220.93,223.4,218.29,223.35,6785493,224.94
2026-06-05,225.76,228.84,224.4,225.62,6253026,227.23
2026-06-08,225.15,226.96,219.6,221.49,4920133,223.07
2026-06-09,223.21,225.53,220.15,223.83,4260615,225.42
2026-06-10,225.33,225.53,222.54,223.36,4150117,224.95
2026-06-11,224.41,225.94,222.46,223.18,4572124,224.77
2026-06-12,225.89,226.79,222.73,226.12,4089629,227.73
2026-06-15,224.4,224.9,218.45,220.02,5266725,221.59
2026-06-16,221.73,221.92,217.6,220.9,5948828,222.47
2026-06-17,220.83,221.26,217.28,219.67,5627225,221.23
2026-06-18,219.81,220.78,213.85,214.96,9649968,216.49
2026-06-22,220.37,230.68,220.37,228.38,9918363,230.01
2026-06-23,231.32,233.65,229.67,233.1,7369944,234.76
2026-06-24,234.68,235.68,231.2,233.23,7314766,234.89
2026-06-25,232.01,242.88,232.01,241.42,10285736,243.14
2026-06-26,243.52,251.56,242.93,251.56,52639076,253.35
2026-06-29,251.26,254.18,247.44,252.51,9831149,254.31
2026-06-30,253.2,253.69,248.33,249.86,7003545,251.64
2026-07-01,248.98,250.02,245.81,249.29,6991703,251.06
2026-07-02,250.52,259.79,248.74,259.22,7118585,261.07
2026-07-06,258.08,259.08,251.81,252.96,8585532,254.76
2026-07-07,255.39,258.51,252.47,252.85,8241535,254.65
2026-07-08,251.46,254.01,248.93,250.95,7581705,252.74
2026-07-09,249.42,253.06,246.24,248.14,5529514,249.91
2026-07-10,249.23,249.89,243.32,246.33,5784767,248.08
2026-07-13,246.61,247.98,242.88,246.25,4160203,248
2026-07-14,244.25,244.68,241.47,243.05,5250907,244.78
2026-07-15,243.32,247.75,243.07,244.11,6392065,244.11
2026-07-16,244.75,254.54,243.5,254.39,6558627,254.39
2026-07-17,257,260.96,254.29,254.49,6876096,254.49
2026-07-20,253.1,256.15,252.68,253.38,4336216,253.38
2026-07-21,253.7,257.06,252.6001,256.1,4822223,256.1
2026-07-22,257.81,257.81,252.25,253.3,4955864,253.3
2026-07-23,253.98,258.38,253.1,256.92,4624949,256.92
2026-07-24,258.54,260.22,256.765,259.36,4197317,259.36
2026-07-27,259,262.1,256.78,256.91,5407867,256.91
2026-07-28,262.83,266.92,261.45,263.2,7061365,263.2
2026-07-29,264.21,267.47,262.755,263.3,5566266,263.3
2026-07-30,258.38,259.89,253.51,257.41,6409818,257.41
2026-07-31,252.54,255.52,247,250.94,7261432,250.94
2026-08-03,251.45,256.2,244.44,245.1,7441184,245.1
2026-08-04,246.74,246.91,242.385,243.8,8033128,243.8
2026-08-05,247,249.38,243.76,246.2,5196670,246.2
2026-08-06,249.04,249.95,241.2,243.87,4573613,243.87
2026-08-07,243.62,246.76,241.95,246.04,4933849,246.04
2026-08-10,245.65,248.01,244.03,247.97,4213795,247.97
2026-08-11,248.14,250.765,247.18,250.09,4487833,250.09
2026-08-12,245.98,250.09,245.52,248.76,3783297,248.76
2026-08-13,252.94,255.295,249.35,250.82,4373032,250.82
2026-08-14,250.6,250.61,247.68,249.46,4199015,249.46
2026-08-17,249.49,251.49,248.31,250.33,4652402,250.33
2026-08-18,253.93,259.18,252.41,258.92,5013590,258.92
2026-08-19,261.51,266.965,259.55,265.97,5539448,265.97
2026-08-20,265.69,265.93,260.4812,261.83,5231919,261.83
2026-08-21,260.7,266.84,260.101,264.96,5160421,264.96
2026-08-24,263.99,266.0395,262.07,264.52,3887045,264.52
2026-08-25,264.5,266.905,263.025,265.79,3674359,265.79
2026-08-26,264.6,265,260.31,262.9,3311924,262.9
2026-08-27,260.81,262.4977,257.25,258.15,4768094,258.15
2026-08-28,258.67,259,255.0797,255.48,3227518,255.48
2026-08-31,254.17,258.24,252.33,256.42,4321937,256.42
2026-09-01,260.99,262.265,257.79,259.99,3869223,259.99
2026-09-02,262.7,262.97,257.7,261.72,4226988,261.72
2026-09-03,264,264.25,257.14,260.21,2881595,260.21
2026-09-04,257.96,258.91,255.58,256.46,4732122,256.46
2026-09-08,251.84,254.615,248.41,248.78,5577162,248.78
2026-09-09,247.73,251.18,246.7701,250.91,3869336,250.91
2026-09-10,251.23,255.31,249.735,255,4399818,255
2026-09-11,253.92,259.61,253.92,257.12,4309943,257.12
2026-09-14,261.67,264.6499,260.1001,261.77,4514011,261.77
2026-09-15,260,264.81,257.795,263.04,5122131,263.04
2026-09-16,261.99,264,260.975,262.51,3119545,262.51
2026-09-17,262.61,264.62,260.88,264.02,3512055,264.02
2026-09-18,263.29,266.34,262.44,263.96,8176972,263.96
2026-09-21,263.07,266.5998,261.23,264.48,3440883,264.48
2026-09-22,263.1,266.82,262.145,265.21,2769211,265.21
2026-09-23,266,269.39,263.5885,265.08,3471871,265.08
